0	0	0	0	0	0
255	0	0	257	0	0
511	0	0	514	0	0
767	0	0	774	4	0
1023	0	0	1033	6	0
1279	0	0	1293	10	0
1535	0	0	1554	15	0
1791	0	0	1814	21	0
2047	0	0	2077	28	0
2303	0	0	2340	36	0
2559	0	0	2604	45	0
2815	0	0	2870	57	0
3071	0	0	3136	68	0
3327	0	0	3404	82	0
3583	0	0	3672	96	0
3839	0	0	3942	113	0
4095	0	0	4095	29	0
0	255	0	0	257	1
255	255	0	257	257	0
511	255	0	515	258	0
767	255	0	773	259	0
1023	255	0	1032	262	0
1279	255	0	1292	266	0
1535	255	0	1553	270	0
1791	255	0	1814	275	0
2047	255	0	2077	282	0
2303	255	0	2340	290	0
2559	255	0	2605	299	0
2815	255	0	2870	309	0
3071	255	0	3136	320	0
3327	255	0	3404	333	0
3583	255	0	3672	346	0
3839	255	0	3942	362	0
4095	255	0	4095	276	0
0	511	0	0	515	3
255	511	0	256	513	0
511	511	0	515	514	0
767	511	0	773	516	0
1023	511	0	1033	519	0
1279	511	0	1292	521	0
1535	511	0	1553	526	0
1791	511	0	1815	531	0
2047	511	0	2077	537	0
2303	511	0	2341	545	0
2559	511	0	2605	552	0
2815	511	0	2870	561	0
3071	511	0	3137	572	0
3327	511	0	3404	584	0
3583	511	0	3673	597	0
3839	511	0	3942	610	0
4095	511	0	4095	522	0
0	767	0	0	775	5
255	767	0	253	770	0
511	767	0	513	771	0
767	767	0	773	773	0
1023	767	0	1032	775	0
1279	767	0	1293	778	0
1535	767	0	1554	783	0
1791	767	0	1815	787	0
2047	767	0	2078	793	0
2303	767	0	2341	800	0
2559	767	0	2605	807	0
2815	767	0	2871	817	0
3071	767	0	3137	827	0
3327	767	0	3404	838	0
3583	767	0	3673	850	0
3839	767	0	3943	864	0
4095	767	0	4095	773	0
0	1023	0	0	1035	9
255	1023	0	251	1027	0
511	1023	0	513	1028	0
767	1023	0	772	1029	0
1023	1023	0	1033	1032	0
1279	1023	0	1293	1036	0
1535	1023	0	1553	1039	0
1791	1023	0	1815	1044	0
2047	1023	0	2078	1049	0
2303	1023	0	2342	1057	0
2559	1023	0	2606	1064	0
2815	1023	0	2871	1073	0
3071	1023	0	3138	1083	0
3327	1023	0	3405	1094	0
3583	1023	0	3674	1106	0
3839	1023	0	3943	1119	0
4095	1023	0	4095	1027	0
0	1279	0	0	1298	14
255	1279	0	248	1285	0
511	1279	0	511	1286	0
767	1279	0	771	1287	0
1023	1279	0	1032	1289	0
1279	1279	0	1292	1292	0
1535	1279	0	1554	1296	0
1791	1279	0	1816	1301	0
2047	1279	0	2078	1307	0
2303	1279	0	2341	1313	0
2559	1279	0	2606	1321	0
2815	1279	0	2871	1329	0
3071	1279	0	3137	1339	0
3327	1279	0	3405	1350	0
3583	1279	0	3673	1362	0
3839	1279	0	3943	1375	0
4095	1279	0	4095	1281	0
0	1535	0	0	1561	20
255	1535	0	243	1542	0
511	1535	0	509	1543	0
767	1535	0	770	1544	0
1023	1535	0	1032	1547	0
1279	1535	0	1292	1549	0
1535	1535	0	1554	1553	0
1791	1535	0	1816	1559	0
2047	1535	0	2078	1564	0
2303	1535	0	2342	1570	0
2559	1535	0	2607	1578	0
2815	1535	0	2872	1587	0
3071	1535	0	3138	1596	0
3327	1535	0	3406	1607	0
3583	1535	0	3674	1619	0
3839	1535	0	3944	1632	0
4095	1535	0	4095	1536	0
0	1791	0	0	1827	27
255	1791	0	237	1800	0
511	1791	0	507	1801	0
767	1791	0	770	1803	0
1023	1791	0	1031	1805	0
1279	1791	0	1293	1808	0
1535	1791	0	1554	1811	0
1791	1791	0	1816	1816	0
2047	1791	0	2079	1821	0
2303	1791	0	2343	1828	0
2559	1791	0	2607	1836	0
2815	1791	0	2872	1844	0
3071	1791	0	3140	1854	0
3327	1791	0	3407	1864	0
3583	1791	0	3676	1877	0
3839	1791	0	3945	1889	0
4095	1791	0	4095	1791	0
0	2047	0	0	2094	37
255	2047	0	231	2058	0
511	2047	0	504	2059	0
767	2047	0	768	2060	0
1023	2047	0	1030	2062	0
1279	2047	0	1292	2065	0
1535	2047	0	1554	2069	0
1791	2047	0	1816	2073	0
2047	2047	0	2080	2080	0
2303	2047	0	2343	2086	0
2559	2047	0	2609	2094	0
2815	2047	0	2874	2102	0
3071	2047	0	3140	2111	0
3327	2047	0	3408	2123	0
3583	2047	0	3676	2134	0
3839	2047	0	3946	2147	0
4095	2047	0	4095	2046	0
0	2303	0	0	2363	48
255	2303	0	221	2315	0
511	2303	0	500	2316	0
767	2303	0	767	2318	0
1023	2303	0	1030	2321	0
1279	2303	0	1292	2324	0
1535	2303	0	1555	2328	0
1791	2303	0	1817	2332	0
2047	2303	0	2081	2338	0
2303	2303	0	2344	2344	0
2559	2303	0	2609	2351	0
2815	2303	0	2875	2360	0
3071	2303	0	3141	2370	0
3327	2303	0	3410	2381	0
3583	2303	0	3678	2392	0
3839	2303	0	3948	2405	0
4095	2303	0	4095	2302	0
0	2559	0	0	2634	60
255	2559	0	212	2575	0
511	2559	0	496	2575	0
767	2559	0	765	2577	0
1023	2559	0	1029	2579	0
1279	2559	0	1292	2582	0
1535	2559	0	1555	2586	0
1791	2559	0	1818	2590	0
2047	2559	0	2082	2596	0
2303	2559	0	2345	2602	0
2559	2559	0	2610	2610	0
2815	2559	0	2876	2619	0
3071	2559	0	3143	2628	0
3327	2559	0	3411	2639	0
3583	2559	0	3679	2650	0
3839	2559	0	3949	2663	0
4095	2559	0	4095	2557	0
0	2815	0	0	2907	75
255	2815	0	199	2833	0
511	2815	0	492	2834	0
767	2815	0	762	2835	0
1023	2815	0	1029	2838	0
1279	2815	0	1292	2840	0
1535	2815	0	1555	2845	0
1791	2815	0	1819	2850	0
2047	2815	0	2082	2855	0
2303	2815	0	2346	2861	0
2559	2815	0	2612	2869	0
2815	2815	0	2877	2877	0
3071	2815	0	3145	2887	0
3327	2815	0	3412	2897	0
3583	2815	0	3682	2910	0
3839	2815	0	3951	2922	0
4095	2815	0	4095	2813	0
0	3071	0	0	3182	90
255	3071	0	184	3093	0
511	3071	0	485	3093	0
767	3071	0	760	3095	0
1023	3071	0	1027	3097	0
1279	3071	0	1292	3100	0
1535	3071	0	1556	3104	0
1791	3071	0	1819	3108	0
2047	3071	0	2084	3114	0
2303	3071	0	2348	3120	0
2559	3071	0	2613	3127	0
2815	3071	0	2879	3136	0
3071	3071	0	3146	3146	0
3327	3071	0	3414	3157	0
3583	3071	0	3683	3168	0
3839	3071	0	3953	3181	0
4095	3071	0	4095	3069	0
0	3327	0	0	3459	108
255	3327	0	166	3351	0
511	3327	0	479	3352	0
767	3327	0	757	3354	0
1023	3327	0	1026	3356	0
1279	3327	0	1292	3359	0
1535	3327	0	1556	3363	0
1791	3327	0	1820	3367	0
2047	3327	0	2085	3374	0
2303	3327	0	2349	3380	0
2559	3327	0	2614	3387	0
2815	3327	0	2881	3396	0
3071	3327	0	3148	3405	0
3327	3327	0	3417	3416	0
3583	3327	0	3685	3427	0
3839	3327	0	3955	3440	0
4095	3327	0	4095	3325	0
0	3583	0	0	3739	128
255	3583	0	147	3612	0
511	3583	0	473	3613	0
767	3583	0	754	3614	0
1023	3583	0	1024	3616	0
1279	3583	0	1291	3619	0
1535	3583	0	1557	3623	0
1791	3583	0	1822	3628	0
2047	3583	0	2086	3633	0
2303	3583	0	2351	3639	0
2559	3583	0	2617	3647	0
2815	3583	0	2883	3655	0
3071	3583	0	3150	3664	0
3327	3583	0	3418	3675	0
3583	3583	0	3687	3687	0
3839	3583	0	3958	3700	0
4095	3583	0	4095	3581	0
0	3839	0	0	4020	149
255	3839	0	125	3871	0
511	3839	0	464	3872	0
767	3839	0	751	3874	0
1023	3839	0	1023	3876	0
1279	3839	0	1291	3879	0
1535	3839	0	1558	3883	0
1791	3839	0	1822	3887	0
2047	3839	0	2088	3893	0
2303	3839	0	2353	3899	0
2559	3839	0	2618	3907	0
2815	3839	0	2886	3916	0
3071	3839	0	3153	3925	0
3327	3839	0	3420	3935	0
3583	3839	0	3690	3947	0
3839	3839	0	3961	3960	0
4095	3839	0	4095	3838	0
0	4095	0	0	4095	172
255	4095	0	72	4095	0
511	4095	0	424	4095	0
767	4095	0	714	4095	0
1023	4095	0	986	4095	0
1279	4095	0	1252	4095	0
1535	4095	0	1514	4095	0
1791	4095	0	1775	4095	0
2047	4095	0	2035	4095	0
2303	4095	0	2293	4095	0
2559	4095	0	2552	4095	0
2815	4095	0	2810	4095	0
3071	4095	0	3067	4095	0
3327	4095	0	3324	4095	0
3583	4095	0	3582	4095	0
3839	4095	0	3839	4095	0
4095	4095	0	4095	4094	0
0	0	255	5	1	226
255	0	255	260	1	225
511	0	255	516	2	224
767	0	255	772	2	223
1023	0	255	1029	3	221
1279	0	255	1285	4	219
1535	0	255	1542	5	216
1791	0	255	1799	6	212
2047	0	255	2056	8	208
2303	0	255	2313	9	202
2559	0	255	2570	11	196
2815	0	255	2827	14	188
3071	0	255	3083	17	180
3327	0	255	3340	20	170
3583	0	255	3597	23	158
3839	0	255	3854	26	145
4095	0	255	4095	30	131
0	255	255	4	257	226
255	255	255	260	257	225
511	255	255	515	257	224
767	255	255	772	257	223
1023	255	255	1028	258	221
1279	255	255	1285	259	219
1535	255	255	1542	259	216
1791	255	255	1799	260	212
2047	255	255	2056	261	207
2303	255	255	2313	263	202
2559	255	255	2570	264	196
2815	255	255	2826	266	188
3071	255	255	3083	268	179
3327	255	255	3340	270	170
3583	255	255	3597	272	158
3839	255	255	3854	275	145
4095	255	255	4095	276	131
0	511	255	2	513	225
255	511	255	258	513	225
511	511	255	515	513	224
767	511	255	771	513	223
1023	511	255	1028	513	221
1279	511	255	1285	514	219
1535	511	255	1542	514	216
1791	511	255	1799	515	212
2047	511	255	2056	515	207
2303	511	255	2312	516	202
2559	511	255	2569	517	195
2815	511	255	2826	518	188
3071	511	255	3083	519	179
3327	511	255	3340	520	169
3583	511	255	3597	521	158
3839	511	255	3854	523	145
4095	511	255	4095	522	131
0	767	255	0	770	226
255	767	255	256	769	225
511	767	255	513	769	224
767	767	255	770	769	223
1023	767	255	1027	769	221
1279	767	255	1284	770	218
1535	767	255	1541	770	215
1791	767	255	1798	770	211
2047	767	255	2055	771	207
2303	767	255	2312	771	201
2559	767	255	2569	772	195
2815	767	255	2826	772	187
3071	767	255	3083	773	179
3327	767	255	3340	774	169
3583	767	255	3597	775	157
3839	767	255	3854	776	145
4095	767	255	4095	774	130
0	1023	255	0	1030	229
255	1023	255	253	1025	224
511	1023	255	512	1026	223
767	1023	255	769	1026	222
1023	1023	255	1027	1026	220
1279	1023	255	1284	1026	218
1535	1023	255	1541	1026	215
1791	1023	255	1798	1026	211
2047	1023	255	2055	1027	206
2303	1023	255	2312	1027	201
2559	1023	255	2569	1027	194
2815	1023	255	2826	1028	187
3071	1023	255	3083	1028	178
3327	1023	255	3340	1029	168
3583	1023	255	3597	1030	157
3839	1023	255	3854	1030	144
4095	1023	255	4095	1027	130
0	1279	255	0	1293	235
255	1279	255	249	1282	223
511	1279	255	509	1282	223
767	1279	255	768	1282	221
1023	1279	255	1025	1282	220
1279	1279	255	1283	1282	217
1535	1279	255	1540	1282	214
1791	1279	255	1797	1283	210
2047	1279	255	2054	1283	206
2303	1279	255	2312	1283	200
2559	1279	255	2569	1283	194
2815	1279	255	2826	1284	186
3071	1279	255	3083	1284	177
3327	1279	255	3340	1285	167
3583	1279	255	3597	1285	156
3839	1279	255	3854	1286	143
4095	1279	255	4095	1281	129
0	1535	255	0	1556	241
255	1535	255	243	1538	223
511	1535	255	506	1538	222
767	1535	255	766	1538	221
1023	1535	255	1024	1538	219
1279	1535	255	1282	1539	216
1535	1535	255	1539	1539	213
1791	1535	255	1797	1539	209
2047	1535	255	2054	1539	205
2303	1535	255	2311	1539	199
2559	1535	255	2568	1539	193
2815	1535	255	2825	1540	185
3071	1535	255	3082	1540	176
3327	1535	255	3339	1540	166
3583	1535	255	3596	1541	155
3839	1535	255	3853	1541	142
4095	1535	255	4095	1536	128
0	1791	255	0	1822	249
255	1791	255	236	1795	221
511	1791	255	503	1795	221
767	1791	255	763	1795	219
1023	1791	255	1022	1795	218
1279	1791	255	1280	1795	215
1535	1791	255	1538	1795	212
1791	1791	255	1796	1795	208
2047	1791	255	2053	1795	204
2303	1791	255	2310	1795	198
2559	1791	255	2568	1796	192
2815	1791	255	2825	1796	184
3071	1791	255	3082	1796	175
3327	1791	255	3339	1796	165
3583	1791	255	3596	1797	154
3839	1791	255	3853	1797	141
4095	1791	255	4095	1791	127
0	2047	255	0	2089	259
255	2047	255	227	2051	220
511	2047	255	498	2051	219
767	2047	255	760	2051	218
1023	2047	255	1020	2051	216
1279	2047	255	1279	2051	214
1535	2047	255	1537	2051	211
1791	2047	255	1795	2051	207
2047	2047	255	2052	2052	202
2303	2047	255	2310	2052	197
2559	2047	255	2567	2052	190
2815	2047	255	2824	2052	183
3071	2047	255	3081	2052	174
3327	2047	255	3338	2053	164
3583	2047	255	3596	2053	152
3839	2047	255	3853	2053	139
4095	2047	255	4095	2046	125
0	2303	255	0	2359	270
255	2303	255	217	2308	219
511	2303	255	493	2308	218
767	2303	255	757	2308	217
1023	2303	255	1018	2308	215
1279	2303	255	1277	2308	212
1535	2303	255	1535	2308	209
1791	2303	255	1793	2308	205
2047	2303	255	2051	2308	201
2303	2303	255	2309	2308	195
2559	2303	255	2566	2308	189
2815	2303	255	2823	2308	181
3071	2303	255	3081	2309	172
3327	2303	255	3338	2309	162
3583	2303	255	3595	2309	150
3839	2303	255	3852	2309	138
4095	2303	255	4095	2302	123
0	2559	255	0	2629	282
255	2559	255	205	2564	217
511	2559	255	487	2564	216
767	2559	255	753	2564	215
1023	2559	255	1015	2564	213
1279	2559	255	1275	2564	211
1535	2559	255	1534	2564	208
1791	2559	255	1792	2564	204
2047	2559	255	2050	2564	199
2303	2559	255	2308	2564	193
2559	2559	255	2565	2565	187
2815	2559	255	2823	2565	179
3071	2559	255	3080	2565	170
3327	2559	255	3337	2565	160
3583	2559	255	3594	2565	148
3839	2559	255	3852	2566	135
4095	2559	255	4095	2557	121
0	2815	255	0	2902	298
255	2815	255	190	2820	215
511	2815	255	480	2820	214
767	2815	255	749	2820	213
1023	2815	255	1012	2820	211
1279	2815	255	1272	2821	209
1535	2815	255	1532	2821	206
1791	2815	255	1790	2821	202
2047	2815	255	2049	2821	197
2303	2815	255	2306	2821	191
2559	2815	255	2564	2821	185
2815	2815	255	2822	2821	177
3071	2815	255	3079	2821	168
3327	2815	255	3336	2821	157
3583	2815	255	3594	2822	146
3839	2815	255	3851	2822	133
4095	2815	255	4095	2813	119
0	3071	255	0	3177	313
255	3071	255	173	3077	213
511	3071	255	472	3077	212
767	3071	255	743	3077	211
1023	3071	255	1008	3077	209
1279	3071	255	1270	3077	206
1535	3071	255	1529	3077	203
1791	3071	255	1789	3077	199
2047	3071	255	2047	3077	195
2303	3071	255	2305	3077	189
2559	3071	255	2563	3077	182
2815	3071	255	2821	3077	174
3071	3071	255	3078	3078	165
3327	3071	255	3336	3078	155
3583	3071	255	3593	3078	143
3839	3071	255	3850	3078	130
4095	3071	255	4095	3069	116
0	3327	255	0	3454	332
255	3327	255	153	3333	210
511	3327	255	462	3333	210
767	3327	255	738	3333	208
1023	3327	255	1004	3333	206
1279	3327	255	1266	3333	204
1535	3327	255	1527	3333	201
1791	3327	255	1786	3334	197
2047	3327	255	2045	3334	192
2303	3327	255	2304	3334	186
2559	3327	255	2562	3334	179
2815	3327	255	2820	3334	171
3071	3327	255	3077	3334	162
3327	3327	255	3335	3334	152
3583	3327	255	3592	3334	140
3839	3327	255	3850	3334	128
4095	3327	255	4095	3325	113
0	3583	255	0	3734	352
255	3583	255	130	3590	208
511	3583	255	452	3590	207
767	3583	255	731	3590	206
1023	3583	255	999	3590	204
1279	3583	255	1263	3590	201
1535	3583	255	1524	3590	198
1791	3583	255	1784	3590	194
2047	3583	255	2043	3590	189
2303	3583	255	2302	3590	183
2559	3583	255	2560	3590	176
2815	3583	255	2818	3590	168
3071	3583	255	3076	3590	159
3327	3583	255	3334	3590	149
3583	3583	255	3591	3591	137
3839	3583	255	3849	3591	124
4095	3583	255	4095	3581	110
0	3839	255	0	4015	374
255	3839	255	105	3846	205
511	3839	255	440	3846	204
767	3839	255	724	3846	202
1023	3839	255	994	3846	201
1279	3839	255	1259	3846	198
1535	3839	255	1521	3846	195
1791	3839	255	1782	3846	191
2047	3839	255	2041	3846	186
2303	3839	255	2300	3846	180
2559	3839	255	2559	3847	173
2815	3839	255	2817	3847	165
3071	3839	255	3075	3847	155
3327	3839	255	3333	3847	145
3583	3839	255	3590	3847	133
3839	3839	255	3848	3847	121
4095	3839	255	4095	3838	107
0	4095	255	0	4095	201
255	4095	255	77	4095	201
511	4095	255	427	4095	200
767	4095	255	715	4095	199
1023	4095	255	987	4095	197
1279	4095	255	1253	4095	194
1535	4095	255	1515	4095	191
1791	4095	255	1776	4095	187
2047	4095	255	2035	4095	182
2303	4095	255	2294	4095	176
2559	4095	255	2552	4095	169
2815	4095	255	2810	4095	161
3071	4095	255	3067	4095	151
3327	4095	255	3325	4095	141
3583	4095	255	3582	4095	129
3839	4095	255	3839	4095	117
4095	4095	255	4095	4094	103
0	0	511	14	4	466
255	0	511	267	4	466
511	0	511	519	4	465
767	0	511	774	5	465
1023	0	511	1030	5	464
1279	0	511	1287	6	462
1535	0	511	1543	7	461
1791	0	511	1800	8	459
2047	0	511	2057	10	456
2303	0	511	2313	12	453
2559	0	511	2570	14	450
2815	0	511	2827	16	446
3071	0	511	3084	19	442
3327	0	511	3341	22	437
3583	0	511	3598	25	432
3839	0	511	3855	29	425
4095	0	511	4095	33	417
0	255	511	13	259	466
255	255	511	266	259	466
511	255	511	519	259	465
767	255	511	774	259	465
1023	255	511	1030	260	464
1279	255	511	1286	260	462
1535	255	511	1543	261	461
1791	255	511	1800	262	459
2047	255	511	2056	263	456
2303	255	511	2313	264	453
2559	255	511	2570	266	450
2815	255	511	2827	268	446
3071	255	511	3084	269	442
3327	255	511	3341	272	437
3583	255	511	3598	274	431
3839	255	511	3854	276	425
4095	255	511	4095	278	417
0	511	511	11	514	466
255	511	511	265	514	466
511	511	511	518	514	465
767	511	511	774	514	464
1023	511	511	1030	514	464
1279	511	511	1286	515	462
1535	511	511	1543	515	461
1791	511	511	1800	516	459
2047	511	511	2056	516	456
2303	511	511	2313	517	453
2559	511	511	2570	518	450
2815	511	511	2827	519	446
3071	511	511	3084	520	442
3327	511	511	3341	521	437
3583	511	511	3598	522	431
3839	511	511	3854	524	425
4095	511	511	4095	523	417
0	767	511	8	770	466
255	767	511	262	770	465
511	767	511	517	770	465
767	767	511	773	770	464
1023	767	511	1029	770	463
1279	767	511	1286	770	462
1535	767	511	1542	771	460
1791	767	511	1799	771	458
2047	767	511	2056	771	456
2303	767	511	2313	772	453
2559	767	511	2570	772	450
2815	767	511	2827	773	446
3071	767	511	3084	774	441
3327	767	511	3340	775	437
3583	767	511	3597	775	431
3839	767	511	3854	776	425
4095	767	511	4095	774	417
0	1023	511	3	1026	465
255	1023	511	259	1026	465
511	1023	511	515	1026	465
767	1023	511	772	1026	464
1023	1023	511	1028	1026	463
1279	1023	511	1285	1026	462
1535	1023	511	1542	1027	460
1791	1023	511	1799	1027	458
2047	1023	511	2056	1027	456
2303	1023	511	2313	1027	453
2559	1023	511	2570	1028	449
2815	1023	511	2826	1028	446
3071	1023	511	3083	1029	441
3327	1023	511	3340	1029	436
3583	1023	511	3597	1030	431
3839	1023	511	3854	1031	425
4095	1023	511	4095	1027	416
0	1279	511	0	1284	467
255	1279	511	255	1282	465
511	1279	511	513	1282	464
767	1279	511	770	1282	464
1023	1279	511	1027	1282	463
1279	1279	511	1284	1283	461
1535	1279	511	1541	1283	460
1791	1279	511	1798	1283	458
2047	1279	511	2055	1283	455
2303	1279	511	2312	1283	452
2559	1279	511	2569	1284	449
2815	1279	511	2826	1284	445
3071	1279	511	3083	1284	441
3327	1279	511	3340	1285	436
3583	1279	511	3597	1285	430
3839	1279	511	3854	1286	424
4095	1279	511	4095	1282	416
0	1535	511	0	1549	475
255	1535	511	250	1539	464
511	1535	511	510	1539	464
767	1535	511	768	1539	463
1023	1535	511	1026	1539	462
1279	1535	511	1283	1539	461
1535	1535	511	1540	1539	459
1791	1535	511	1798	1539	457
2047	1535	511	2055	1539	455
2303	1535	511	2312	1539	452
2559	1535	511	2569	1540	449
2815	1535	511	2826	1540	445
3071	1535	511	3083	1540	440
3327	1535	511	3340	1541	435
3583	1535	511	3597	1541	430
3839	1535	511	3854	1542	424
4095	1535	511	4095	1536	415
0	1791	511	0	1814	483
255	1791	511	243	1795	464
511	1791	511	506	1795	463
767	1791	511	766	1795	463
1023	1791	511	1024	1795	462
1279	1791	511	1282	1795	460
1535	1791	511	1539	1795	459
1791	1791	511	1797	1795	457
2047	1791	511	2054	1796	454
2303	1791	511	2311	1796	451
2559	1791	511	2568	1796	448
2815	1791	511	2825	1796	444
3071	1791	511	3082	1796	440
3327	1791	511	3339	1797	435
3583	1791	511	3596	1797	429
3839	1791	511	3853	1797	423
4095	1791	511	4095	1791	415
0	2047	511	0	2080	492
255	2047	511	234	2051	463
511	2047	511	502	2051	463
767	2047	511	763	2051	462
1023	2047	511	1022	2051	461
1279	2047	511	1280	2051	460
1535	2047	511	1538	2052	458
1791	2047	511	1796	2052	456
2047	2047	511	2053	2052	453
2303	2047	511	2310	2052	451
2559	2047	511	2567	2052	447
2815	2047	511	2825	2052	443
3071	2047	511	3082	2053	439
3327	2047	511	3339	2053	434
3583	2047	511	3596	2053	429
3839	2047	511	3853	2053	422
4095	2047	511	4095	2046	414
0	2303	511	0	2350	504
255	2303	511	224	2308	462
511	2303	511	496	2308	462
767	2303	511	759	2308	461
1023	2303	511	1019	2308	460
1279	2303	511	1278	2308	459
1535	2303	511	1536	2308	457
1791	2303	511	1794	2308	455
2047	2303	511	2052	2308	453
2303	2303	511	2309	2308	450
2559	2303	511	2567	2308	446
2815	2303	511	2824	2309	443
3071	2303	511	3081	2309	438
3327	2303	511	3338	2309	433
3583	2303	511	3595	2309	428
3839	2303	511	3852	2310	422
4095	2303	511	4095	2302	413
0	2559	511	0	2621	519
255	2559	511	212	2564	461
511	2559	511	490	2564	461
767	2559	511	755	2564	460
1023	2559	511	1017	2564	459
1279	2559	511	1276	2564	458
1535	2559	511	1535	2564	456
1791	2559	511	1793	2564	454
2047	2559	511	2051	2565	452
2303	2559	511	2308	2565	449
2559	2559	511	2566	2565	445
2815	2559	511	2823	2565	442
3071	2559	511	3080	2565	437
3327	2559	511	3338	2565	432
3583	2559	511	3595	2565	427
3839	2559	511	3852	2566	421
4095	2559	511	4095	2557	412
0	2815	511	0	2894	533
255	2815	511	198	2821	460
511	2815	511	483	2821	460
767	2815	511	751	2821	459
1023	2815	511	1013	2821	458
1279	2815	511	1274	2821	457
1535	2815	511	1533	2821	455
1791	2815	511	1791	2821	453
2047	2815	511	2049	2821	451
2303	2815	511	2307	2821	448
2559	2815	511	2565	2821	444
2815	2815	511	2822	2821	440
3071	2815	511	3080	2821	436
3327	2815	511	3337	2822	431
3583	2815	511	3594	2822	426
3839	2815	511	3851	2822	419
4095	2815	511	4095	2813	411
0	3071	511	0	3169	551
255	3071	511	181	3077	459
511	3071	511	475	3077	459
767	3071	511	746	3077	458
1023	3071	511	1010	3077	457
1279	3071	511	1271	3077	456
1535	3071	511	1531	3077	454
1791	3071	511	1789	3077	452
2047	3071	511	2048	3077	449
2303	3071	511	2306	3077	447
2559	3071	511	2564	3077	443
2815	3071	511	2821	3078	439
3071	3071	511	3079	3078	435
3327	3071	511	3336	3078	430
3583	3071	511	3593	3078	424
3839	3071	511	3851	3078	418
4095	3071	511	4095	3069	410
0	3327	511	0	3445	570
255	3327	511	161	3333	458
511	3327	511	466	3333	457
767	3327	511	740	3333	457
1023	3327	511	1006	3333	456
1279	3327	511	1268	3334	454
1535	3327	511	1528	3334	453
1791	3327	511	1787	3334	451
2047	3327	511	2046	3334	448
2303	3327	511	2304	3334	445
2559	3327	511	2562	3334	442
2815	3327	511	2820	3334	438
3071	3327	511	3078	3334	433
3327	3327	511	3335	3334	428
3583	3327	511	3593	3334	423
3839	3327	511	3850	3335	417
4095	3327	511	4095	3325	409
0	3583	511	0	3725	591
255	3583	511	139	3590	456
511	3583	511	456	3590	456
767	3583	511	734	3590	455
1023	3583	511	1001	3590	454
1279	3583	511	1264	3590	453
1535	3583	511	1525	3590	451
1791	3583	511	1785	3590	449
2047	3583	511	2044	3590	447
2303	3583	511	2303	3590	444
2559	3583	511	2561	3590	440
2815	3583	511	2819	3590	436
3071	3583	511	3076	3590	432
3327	3583	511	3334	3591	427
3583	3583	511	3592	3591	421
3839	3583	511	3849	3591	415
4095	3583	511	4095	3581	407
0	3839	511	0	4007	616
255	3839	511	113	3846	455
511	3839	511	445	3846	454
767	3839	511	727	3846	454
1023	3839	511	996	3846	453
1279	3839	511	1260	3846	451
1535	3839	511	1522	3846	449
1791	3839	511	1783	3846	447
2047	3839	511	2042	3847	445
2303	3839	511	2301	3847	442
2559	3839	511	2559	3847	439
2815	3839	511	2817	3847	435
3071	3839	511	3075	3847	430
3327	3839	511	3333	3847	425
3583	3839	511	3591	3847	420
3839	3839	511	3848	3847	413
4095	3839	511	4095	3837	405
0	4095	511	0	4095	452
255	4095	511	86	4095	452
511	4095	511	431	4095	452
767	4095	511	718	4095	451
1023	4095	511	989	4095	450
1279	4095	511	1254	4095	449
1535	4095	511	1516	4095	447
1791	4095	511	1776	4095	445
2047	4095	511	2036	4095	442
2303	4095	511	2294	4095	439
2559	4095	511	2552	4095	436
2815	4095	511	2810	4095	432
3071	4095	511	3068	4095	427
3327	4095	511	3325	4095	422
3583	4095	511	3582	4095	417
3839	4095	511	3839	4095	411
4095	4095	511	4095	4094	403
0	0	767	28	8	706
255	0	767	277	8	706
511	0	767	525	8	706
767	0	767	778	9	705
1023	0	767	1033	9	705
1279	0	767	1289	10	704
1535	0	767	1545	11	703
1791	0	767	1801	12	702
2047	0	767	2058	14	700
2303	0	767	2314	16	698
2559	0	767	2571	18	696
2815	0	767	2828	20	693
3071	0	767	3085	23	691
3327	0	767	3341	26	688
3583	0	767	3598	29	684
3839	0	767	3855	33	680
4095	0	767	4095	37	673
0	255	767	27	261	706
255	255	767	276	262	706
511	255	767	524	262	706
767	255	767	778	262	705
1023	255	767	1033	262	705
1279	255	767	1289	263	704
1535	255	767	1545	264	703
1791	255	767	1801	265	702
2047	255	767	2058	266	700
2303	255	767	2314	267	698
2559	255	767	2571	269	696
2815	255	767	2828	270	693
3071	255	767	3085	272	691
3327	255	767	3341	274	687
3583	255	767	3598	277	684
3839	255	767	3855	279	680
4095	255	767	4095	281	673
0	511	767	25	515	706
255	511	767	275	515	706
511	511	767	524	516	706
767	511	767	777	516	705
1023	511	767	1032	516	705
1279	511	767	1288	516	704
1535	511	767	1544	517	703
1791	511	767	1801	517	701
2047	511	767	2057	518	700
2303	511	767	2314	519	698
2559	511	767	2571	519	696
2815	511	767	2828	520	693
3071	511	767	3084	521	691
3327	511	767	3341	523	687
3583	511	767	3598	524	684
3839	511	767	3855	525	680
4095	511	767	4095	525	673
0	767	767	22	771	706
255	767	767	273	771	706
511	767	767	523	771	706
767	767	767	776	771	705
1023	767	767	1032	771	705
1279	767	767	1288	771	704
1535	767	767	1544	772	703
1791	767	767	1801	772	701
2047	767	767	2057	772	700
2303	767	767	2314	773	698
2559	767	767	2571	773	696
2815	767	767	2827	774	693
3071	767	767	3084	775	690
3327	767	767	3341	776	687
3583	767	767	3598	776	684
3839	767	767	3855	777	680
4095	767	767	4095	775	673
0	1023	767	18	1027	706
255	1023	767	270	1027	706
511	1023	767	521	1027	705
767	1023	767	775	1027	705
1023	1023	767	1031	1027	704
1279	1023	767	1287	1027	704
1535	1023	767	1544	1027	702
1791	1023	767	1800	1028	701
2047	1023	767	2057	1028	700
2303	1023	767	2314	1028	698
2559	1023	767	2570	1029	695
2815	1023	767	2827	1029	693
3071	1023	767	3084	1030	690
3327	1023	767	3341	1030	687
3583	1023	767	3598	1031	684
3839	1023	767	3855	1031	680
4095	1023	767	4095	1028	673
0	1279	767	12	1283	706
255	1279	767	265	1283	706
511	1279	767	519	1283	705
767	1279	767	774	1283	705
1023	1279	767	1030	1283	704
1279	1279	767	1286	1283	703
1535	1279	767	1543	1283	702
1791	1279	767	1800	1283	701
2047	1279	767	2056	1284	699
2303	1279	767	2313	1284	697
2559	1279	767	2570	1284	695
2815	1279	767	2827	1285	693
3071	1279	767	3084	1285	690
3327	1279	767	3341	1285	687
3583	1279	767	3598	1286	683
3839	1279	767	3854	1286	680
4095	1279	767	4095	1282	673
0	1535	767	5	1539	705
255	1535	767	260	1539	705
511	1535	767	516	1539	705
767	1535	767	772	1539	704
1023	1535	767	1028	1539	704
1279	1535	767	1285	1539	703
1535	1535	767	1542	1539	702
1791	1535	767	1799	1540	701
2047	1535	767	2056	1540	699
2303	1535	767	2313	1540	697
2559	1535	767	2570	1540	695
2815	1535	767	2826	1540	692
3071	1535	767	3083	1541	690
3327	1535	767	3340	1541	687
3583	1535	767	3597	1542	683
3839	1535	767	3854	1542	679
4095	1535	767	4095	1536	672
0	1791	767	0	1799	709
255	1791	767	254	1795	705
511	1791	767	512	1795	705
767	1791	767	769	1795	704
1023	1791	767	1027	1795	703
1279	1791	767	1284	1796	703
1535	1791	767	1541	1796	702
1791	1791	767	1798	1796	700
2047	1791	767	2055	1796	699
2303	1791	767	2312	1796	697
2559	1791	767	2569	1796	695
2815	1791	767	2826	1797	692
3071	1791	767	3083	1797	689
3327	1791	767	3340	1797	686
3583	1791	767	3597	1797	683
3839	1791	767	3854	1798	679
4095	1791	767	4095	1791	672
0	2047	767	0	2067	720
255	2047	767	245	2052	704
511	2047	767	508	2052	704
767	2047	767	767	2052	704
1023	2047	767	1025	2052	703
1279	2047	767	1282	2052	702
1535	2047	767	1540	2052	701
1791	2047	767	1797	2052	700
2047	2047	767	2054	2052	698
2303	2047	767	2311	2052	696
2559	2047	767	2568	2052	694
2815	2047	767	2825	2053	692
3071	2047	767	3082	2053	689
3327	2047	767	3339	2053	686
3583	2047	767	3596	2053	682
3839	2047	767	3853	2054	678
4095	2047	767	4095	2046	672
0	2303	767	0	2336	732
255	2303	767	236	2308	704
511	2303	767	502	2308	704
767	2303	767	763	2308	703
1023	2303	767	1022	2308	702
1279	2303	767	1280	2308	702
1535	2303	767	1538	2308	701
1791	2303	767	1796	2308	699
2047	2303	767	2053	2308	698
2303	2303	767	2310	2309	696
2559	2303	767	2568	2309	694
2815	2303	767	2825	2309	691
3071	2303	767	3082	2309	688
3327	2303	767	3339	2309	685
3583	2303	767	3596	2310	682
3839	2303	767	3853	2310	678
4095	2303	767	4095	2302	671
0	2559	767	0	2606	745
255	2559	767	224	2564	703
511	2559	767	496	2564	703
767	2559	767	759	2564	703
1023	2559	767	1019	2564	702
1279	2559	767	1278	2565	701
1535	2559	767	1536	2565	700
1791	2559	767	1794	2565	699
2047	2559	767	2052	2565	697
2303	2559	767	2309	2565	695
2559	2559	767	2567	2565	693
2815	2559	767	2824	2565	690
3071	2559	767	3081	2565	688
3327	2559	767	3338	2566	685
3583	2559	767	3595	2566	681
3839	2559	767	3852	2566	677
4095	2559	767	4095	2557	671
0	2815	767	0	2880	762
255	2815	767	211	2821	703
511	2815	767	489	2821	702
767	2815	767	755	2821	702
1023	2815	767	1016	2821	701
1279	2815	767	1276	2821	700
1535	2815	767	1534	2821	699
1791	2815	767	1793	2821	698
2047	2815	767	2051	2821	696
2303	2815	767	2308	2821	694
2559	2815	767	2566	2821	692
2815	2815	767	2823	2821	690
3071	2815	767	3080	2822	687
3327	2815	767	3338	2822	684
3583	2815	767	3595	2822	680
3839	2815	767	3852	2822	676
4095	2815	767	4095	2813	670
0	3071	767	0	3154	779
255	3071	767	194	3077	702
511	3071	767	482	3077	702
767	3071	767	750	3077	701
1023	3071	767	1013	3077	700
1279	3071	767	1273	3077	700
1535	3071	767	1532	3077	698
1791	3071	767	1791	3077	697
2047	3071	767	2049	3077	696
2303	3071	767	2307	3078	694
2559	3071	767	2564	3078	691
2815	3071	767	2822	3078	689
3071	3071	767	3079	3078	686
3327	3071	767	3337	3078	683
3583	3071	767	3594	3078	680
3839	3071	767	3851	3078	676
4095	3071	767	4095	3069	669
0	3327	767	0	3432	799
255	3327	767	175	3334	701
511	3327	767	473	3334	701
767	3327	767	744	3334	700
1023	3327	767	1009	3334	700
1279	3327	767	1270	3334	699
1535	3327	767	1530	3334	698
1791	3327	767	1789	3334	696
2047	3327	767	2047	3334	695
2303	3327	767	2305	3334	693
2559	3327	767	2563	3334	691
2815	3327	767	2821	3334	688
3071	3327	767	3078	3334	685
3327	3327	767	3336	3334	682
3583	3327	767	3593	3335	679
3839	3327	767	3850	3335	675
4095	3327	767	4095	3325	668
0	3583	767	0	3711	821
255	3583	767	153	3590	700
511	3583	767	462	3590	700
767	3583	767	738	3590	699
1023	3583	767	1004	3590	699
1279	3583	767	1266	3590	698
1535	3583	767	1527	3590	697
1791	3583	767	1786	3590	695
2047	3583	767	2045	3590	694
2303	3583	767	2304	3590	692
2559	3583	767	2562	3590	690
2815	3583	767	2820	3591	687
3071	3583	767	3077	3591	684
3327	3583	767	3335	3591	681
3583	3583	767	3592	3591	678
3839	3583	767	3850	3591	674
4095	3583	767	4095	3581	668
0	3839	767	0	3992	845
255	3839	767	128	3846	699
511	3839	767	451	3846	699
767	3839	767	731	3846	698
1023	3839	767	999	3846	698
1279	3839	767	1263	3847	697
1535	3839	767	1524	3847	696
1791	3839	767	1784	3847	694
2047	3839	767	2043	3847	693
2303	3839	767	2302	3847	691
2559	3839	767	2560	3847	689
2815	3839	767	2818	3847	686
3071	3839	767	3076	3847	683
3327	3839	767	3334	3847	680
3583	3839	767	3591	3847	677
3839	3839	767	3849	3847	673
4095	3839	767	4095	3837	667
0	4095	767	0	4095	697
255	4095	767	100	4095	696
511	4095	767	438	4095	696
767	4095	767	722	4095	696
1023	4095	767	992	4095	695
1279	4095	767	1256	4095	694
1535	4095	767	1518	4095	693
1791	4095	767	1778	4095	692
2047	4095	767	2037	4095	690
2303	4095	767	2295	4095	688
2559	4095	767	2553	4095	686
2815	4095	767	2811	4095	683
3071	4095	767	3068	4095	681
3327	4095	767	3326	4095	677
3583	4095	767	3583	4095	674
3839	4095	767	3839	4095	670
4095	4095	767	4095	4094	666
0	0	1023	49	13	947
255	0	1023	291	13	947
511	0	1023	533	14	946
767	0	1023	783	14	946
1023	0	1023	1037	15	946
1279	0	1023	1292	16	945
1535	0	1023	1547	17	944
1791	0	1023	1803	18	943
2047	0	1023	2059	20	942
2303	0	1023	2316	21	941
2559	0	1023	2572	23	939
2815	0	1023	2829	26	937
3071	0	1023	3086	28	935
3327	0	1023	3342	31	933
3583	0	1023	3599	35	931
3839	0	1023	3856	38	928
4095	0	1023	4095	42	921
0	255	1023	47	265	947
255	255	1023	290	266	947
511	255	1023	533	266	946
767	255	1023	783	266	946
1023	255	1023	1037	267	946
1279	255	1023	1292	267	945
1535	255	1023	1547	268	944
1791	255	1023	1803	269	943
2047	255	1023	2059	270	942
2303	255	1023	2316	271	941
2559	255	1023	2572	273	939
2815	255	1023	2829	274	937
3071	255	1023	3086	276	935
3327	255	1023	3342	278	933
3583	255	1023	3599	281	931
3839	255	1023	3856	283	928
4095	255	1023	4095	284	921
0	511	1023	46	518	947
255	511	1023	289	518	946
511	511	1023	532	518	946
767	511	1023	783	518	946
1023	511	1023	1036	518	945
1279	511	1023	1291	519	945
1535	511	1023	1547	519	944
1791	511	1023	1803	520	943
2047	511	1023	2059	520	942
2303	511	1023	2316	521	941
2559	511	1023	2572	522	939
2815	511	1023	2829	523	937
3071	511	1023	3085	524	935
3327	511	1023	3342	525	933
3583	511	1023	3599	526	931
3839	511	1023	3856	528	928
4095	511	1023	4095	527	921
0	767	1023	43	772	946
255	767	1023	287	772	946
511	767	1023	531	772	946
767	767	1023	782	772	946
1023	767	1023	1036	773	945
1279	767	1023	1291	773	945
1535	767	1023	1547	773	944
1791	767	1023	1803	774	943
2047	767	1023	2059	774	942
2303	767	1023	2315	774	941
2559	767	1023	2572	775	939
2815	767	1023	2829	776	937
3071	767	1023	3085	776	935
3327	767	1023	3342	777	933
3583	767	1023	3599	778	930
3839	767	1023	3856	779	928
4095	767	1023	4095	777	921
0	1023	1023	38	1028	946
255	1023	1023	284	1028	946
511	1023	1023	529	1028	946
767	1023	1023	781	1028	946
1023	1023	1023	1035	1028	945
1279	1023	1023	1290	1028	945
1535	1023	1023	1546	1028	944
1791	1023	1023	1802	1029	943
2047	1023	1023	2059	1029	942
2303	1023	1023	2315	1029	940
2559	1023	1023	2572	1030	939
2815	1023	1023	2828	1030	937
3071	1023	1023	3085	1031	935
3327	1023	1023	3342	1031	933
3583	1023	1023	3599	1032	930
3839	1023	1023	3855	1033	928
4095	1023	1023	4095	1029	921
0	1279	1023	32	1284	946
255	1279	1023	280	1284	946
511	1279	1023	527	1284	946
767	1279	1023	779	1284	946
1023	1279	1023	1034	1284	945
1279	1279	1023	1289	1284	944
1535	1279	1023	1545	1284	944
1791	1279	1023	1802	1284	943
2047	1279	1023	2058	1285	942
2303	1279	1023	2315	1285	940
2559	1279	1023	2571	1285	939
2815	1279	1023	2828	1285	937
3071	1279	1023	3085	1286	935
3327	1279	1023	3342	1286	933
3583	1279	1023	3598	1287	930
3839	1279	1023	3855	1287	927
4095	1279	1023	4095	1283	921
0	1535	1023	25	1540	946
255	1535	1023	275	1540	946
511	1535	1023	524	1540	946
767	1535	1023	777	1540	945
1023	1535	1023	1032	1540	945
1279	1535	1023	1288	1540	944
1535	1535	1023	1544	1540	943
1791	1535	1023	1801	1540	942
2047	1535	1023	2057	1540	941
2303	1535	1023	2314	1541	940
2559	1535	1023	2571	1541	938
2815	1535	1023	2828	1541	937
3071	1535	1023	3084	1541	935
3327	1535	1023	3341	1542	932
3583	1535	1023	3598	1542	930
3839	1535	1023	3855	1543	927
4095	1535	1023	4095	1537	920
0	1791	1023	16	1796	946
255	1791	1023	268	1796	946
511	1791	1023	520	1796	945
767	1791	1023	775	1796	945
1023	1791	1023	1031	1796	945
1279	1791	1023	1287	1796	944
1535	1791	1023	1543	1796	943
1791	1791	1023	1800	1796	942
2047	1791	1023	2057	1796	941
2303	1791	1023	2314	1797	940
2559	1791	1023	2570	1797	938
2815	1791	1023	2827	1797	936
3071	1791	1023	3084	1797	934
3327	1791	1023	3341	1798	932
3583	1791	1023	3598	1798	930
3839	1791	1023	3855	1798	927
4095	1791	1023	4095	1791	920
0	2047	1023	5	2052	945
255	2047	1023	261	2052	945
511	2047	1023	516	2052	945
767	2047	1023	772	2052	945
1023	2047	1023	1029	2052	944
1279	2047	1023	1285	2052	944
1535	2047	1023	1542	2052	943
1791	2047	1023	1799	2052	942
2047	2047	1023	2056	2053	941
2303	2047	1023	2313	2053	939
2559	2047	1023	2570	2053	938
2815	2047	1023	2827	2053	936
3071	2047	1023	3083	2053	934
3327	2047	1023	3340	2054	932
3583	2047	1023	3597	2054	929
3839	2047	1023	3854	2054	927
4095	2047	1023	4095	2046	920
0	2303	1023	0	2315	952
255	2303	1023	251	2308	945
511	2303	1023	511	2308	945
767	2303	1023	769	2308	944
1023	2303	1023	1026	2308	944
1279	2303	1023	1283	2309	943
1535	2303	1023	1541	2309	942
1791	2303	1023	1798	2309	942
2047	2303	1023	2055	2309	940
2303	2303	1023	2312	2309	939
2559	2303	1023	2569	2309	937
2815	2303	1023	2826	2309	936
3071	2303	1023	3083	2309	934
3327	2303	1023	3340	2310	931
3583	2303	1023	3597	2310	929
3839	2303	1023	3854	2310	926
4095	2303	1023	4095	2302	920
0	2559	1023	0	2587	967
255	2559	1023	240	2565	944
511	2559	1023	505	2565	944
767	2559	1023	765	2565	944
1023	2559	1023	1023	2565	943
1279	2559	1023	1281	2565	943
1535	2559	1023	1539	2565	942
1791	2559	1023	1796	2565	941
2047	2559	1023	2054	2565	940
2303	2559	1023	2311	2565	939
2559	2559	1023	2568	2565	937
2815	2559	1023	2825	2566	935
3071	2559	1023	3082	2566	933
3327	2559	1023	3339	2566	931
3583	2559	1023	3596	2566	928
3839	2559	1023	3853	2566	926
4095	2559	1023	4095	2557	919
0	2815	1023	0	2859	982
255	2815	1023	227	2821	944
511	2815	1023	498	2821	944
767	2815	1023	760	2821	943
1023	2815	1023	1020	2821	943
1279	2815	1023	1279	2821	942
1535	2815	1023	1537	2821	942
1791	2815	1023	1795	2821	941
2047	2815	1023	2052	2821	939
2303	2815	1023	2310	2822	938
2559	2815	1023	2567	2822	936
2815	2815	1023	2824	2822	935
3071	2815	1023	3081	2822	933
3327	2815	1023	3338	2822	930
3583	2815	1023	3596	2822	928
3839	2815	1023	3853	2822	925
4095	2815	1023	4095	2813	919
0	3071	1023	0	3134	1000
255	3071	1023	212	3077	943
511	3071	1023	490	3077	943
767	3071	1023	755	3077	943
1023	3071	1023	1017	3078	942
1279	3071	1023	1276	3078	942
1535	3071	1023	1535	3078	941
1791	3071	1023	1793	3078	940
2047	3071	1023	2051	3078	939
2303	3071	1023	2308	3078	937
2559	3071	1023	2566	3078	936
2815	3071	1023	2823	3078	934
3071	3071	1023	3080	3078	932
3327	3071	1023	3338	3078	930
3583	3071	1023	3595	3079	927
3839	3071	1023	3852	3079	925
4095	3071	1023	4095	3068	918
0	3327	1023	0	3412	1021
255	3327	1023	194	3334	943
511	3327	1023	481	3334	943
767	3327	1023	750	3334	942
1023	3327	1023	1013	3334	942
1279	3327	1023	1273	3334	941
1535	3327	1023	1532	3334	940
1791	3327	1023	1791	3334	939
2047	3327	1023	2049	3334	938
2303	3327	1023	2307	3334	937
2559	3327	1023	2564	3334	935
2815	3327	1023	2822	3334	934
3071	3327	1023	3079	3335	931
3327	3327	1023	3337	3335	929
3583	3327	1023	3594	3335	927
3839	3327	1023	3851	3335	924
4095	3327	1023	4095	3324	918
0	3583	1023	0	3691	1043
255	3583	1023	173	3590	942
511	3583	1023	472	3590	942
767	3583	1023	743	3590	942
1023	3583	1023	1008	3590	941
1279	3583	1023	1270	3590	940
1535	3583	1023	1529	3590	940
1791	3583	1023	1789	3590	939
2047	3583	1023	2047	3590	938
2303	3583	1023	2305	3591	936
2559	3583	1023	2563	3591	935
2815	3583	1023	2821	3591	933
3071	3583	1023	3078	3591	931
3327	3583	1023	3336	3591	929
3583	3583	1023	3593	3591	926
3839	3583	1023	3850	3591	923
4095	3583	1023	4095	3580	917
0	3839	1023	0	3973	1067
255	3839	1023	148	3847	941
511	3839	1023	460	3847	941
767	3839	1023	736	3847	941
1023	3839	1023	1003	3847	940
1279	3839	1023	1266	3847	940
1535	3839	1023	1526	3847	939
1791	3839	1023	1786	3847	938
2047	3839	1023	2045	3847	937
2303	3839	1023	2303	3847	935
2559	3839	1023	2561	3847	934
2815	3839	1023	2819	3847	932
3071	3839	1023	3077	3847	930
3327	3839	1023	3335	3847	928
3583	3839	1023	3592	3847	925
3839	3839	1023	3849	3848	923
4095	3839	1023	4095	3837	917
0	4095	1023	0	4095	939
255	4095	1023	120	4095	939
511	4095	1023	447	4095	938
767	4095	1023	727	4095	938
1023	4095	1023	996	4095	938
1279	4095	1023	1259	4095	937
1535	4095	1023	1520	4095	936
1791	4095	1023	1780	4095	935
2047	4095	1023	2039	4095	934
2303	4095	1023	2297	4095	933
2559	4095	1023	2554	4095	931
2815	4095	1023	2812	4095	929
3071	4095	1023	3069	4095	927
3327	4095	1023	3326	4095	925
3583	4095	1023	3583	4095	922
3839	4095	1023	3840	4095	920
4095	4095	1023	4095	4093	916
0	0	1279	76	21	1187
255	0	1279	308	21	1187
511	0	1279	543	21	1187
767	0	1279	791	22	1187
1023	0	1279	1042	22	1186
1279	0	1279	1296	23	1186
1535	0	1279	1551	24	1185
1791	0	1279	1806	25	1184
2047	0	1279	2062	27	1183
2303	0	1279	2318	29	1182
2559	0	1279	2574	31	1181
2815	0	1279	2830	33	1180
3071	0	1279	3087	36	1178
3327	0	1279	3344	39	1177
3583	0	1279	3600	42	1175
3839	0	1279	3857	46	1173
4095	0	1279	4095	50	1165
0	255	1279	75	271	1187
255	255	1279	308	271	1187
511	255	1279	543	271	1187
767	255	1279	790	271	1187
1023	255	1279	1042	272	1186
1279	255	1279	1296	272	1186
1535	255	1279	1550	273	1185
1791	255	1279	1806	274	1184
2047	255	1279	2062	275	1183
2303	255	1279	2318	276	1182
2559	255	1279	2574	278	1181
2815	255	1279	2830	280	1180
3071	255	1279	3087	281	1178
3327	255	1279	3343	283	1177
3583	255	1279	3600	286	1175
3839	255	1279	3857	288	1173
4095	255	1279	4095	289	1165
0	511	1279	73	521	1187
255	511	1279	307	521	1187
511	511	1279	542	521	1187
767	511	1279	790	521	1186
1023	511	1279	1042	521	1186
1279	511	1279	1295	522	1186
1535	511	1279	1550	522	1185
1791	511	1279	1806	522	1184
2047	511	1279	2061	523	1183
2303	511	1279	2318	524	1182
2559	511	1279	2574	525	1181
2815	511	1279	2830	526	1180
3071	511	1279	3087	527	1178
3327	511	1279	3343	528	1177
3583	511	1279	3600	529	1175
3839	511	1279	3857	531	1173
4095	511	1279	4095	530	1165
0	767	1279	70	774	1187
255	767	1279	305	774	1187
511	767	1279	541	774	1187
767	767	1279	789	774	1186
1023	767	1279	1041	775	1186
1279	767	1279	1295	775	1186
1535	767	1279	1550	775	1185
1791	767	1279	1805	775	1184
2047	767	1279	2061	776	1183
2303	767	1279	2317	776	1182
2559	767	1279	2574	777	1181
2815	767	1279	2830	778	1180
3071	767	1279	3087	778	1178
3327	767	1279	3343	779	1176
3583	767	1279	3600	780	1175
3839	767	1279	3857	781	1172
4095	767	1279	4095	778	1165
0	1023	1279	66	1029	1187
255	1023	1279	302	1029	1187
511	1023	1279	540	1029	1187
767	1023	1279	788	1029	1186
1023	1023	1279	1040	1029	1186
1279	1023	1279	1294	1030	1185
1535	1023	1279	1549	1030	1185
1791	1023	1279	1805	1030	1184
2047	1023	1279	2061	1030	1183
2303	1023	1279	2317	1031	1182
2559	1023	1279	2573	1031	1181
2815	1023	1279	2830	1032	1180
3071	1023	1279	3086	1032	1178
3327	1023	1279	3343	1033	1176
3583	1023	1279	3600	1033	1174
3839	1023	1279	3856	1034	1172
4095	1023	1279	4095	1030	1165
0	1279	1279	60	1285	1187
255	1279	1279	298	1285	1187
511	1279	1279	537	1285	1186
767	1279	1279	786	1285	1186
1023	1279	1279	1039	1285	1186
1279	1279	1279	1293	1285	1185
1535	1279	1279	1549	1285	1185
1791	1279	1279	1804	1285	1184
2047	1279	1279	2060	1286	1183
2303	1279	1279	2317	1286	1182
2559	1279	1279	2573	1286	1181
2815	1279	1279	2830	1287	1179
3071	1279	1279	3086	1287	1178
3327	1279	1279	3343	1287	1176
3583	1279	1279	3600	1288	1174
3839	1279	1279	3856	1288	1172
4095	1279	1279	4095	1283	1165
0	1535	1279	53	1541	1186
255	1535	1279	293	1541	1186
511	1535	1279	534	1541	1186
767	1535	1279	784	1541	1186
1023	1535	1279	1038	1541	1186
1279	1535	1279	1292	1541	1185
1535	1535	1279	1548	1541	1185
1791	1535	1279	1804	1541	1184
2047	1535	1279	2060	1541	1183
2303	1535	1279	2316	1542	1182
2559	1535	1279	2573	1542	1181
2815	1535	1279	2829	1542	1179
3071	1535	1279	3086	1542	1178
3327	1535	1279	3342	1543	1176
3583	1535	1279	3599	1543	1174
3839	1535	1279	3856	1544	1172
4095	1535	1279	4095	1537	1165
0	1791	1279	44	1797	1186
255	1791	1279	287	1797	1186
511	1791	1279	531	1797	1186
767	1791	1279	782	1797	1186
1023	1791	1279	1036	1797	1185
1279	1791	1279	1291	1797	1185
1535	1791	1279	1547	1797	1184
1791	1791	1279	1803	1797	1184
2047	1791	1279	2059	1797	1183
2303	1791	1279	2315	1797	1182
2559	1791	1279	2572	1798	1180
2815	1791	1279	2829	1798	1179
3071	1791	1279	3085	1798	1178
3327	1791	1279	3342	1798	1176
3583	1791	1279	3599	1799	1174
3839	1791	1279	3856	1799	1172
4095	1791	1279	4095	1792	1165
0	2047	1279	33	2053	1186
255	2047	1279	280	2053	1186
511	2047	1279	527	2053	1186
767	2047	1279	779	2053	1186
1023	2047	1279	1034	2053	1185
1279	2047	1279	1289	2053	1185
1535	2047	1279	1545	2053	1184
1791	2047	1279	1802	2053	1183
2047	2047	1279	2058	2053	1182
2303	2047	1279	2315	2053	1181
2559	2047	1279	2571	2054	1180
2815	2047	1279	2828	2054	1179
3071	2047	1279	3085	2054	1177
3327	2047	1279	3342	2054	1176
3583	2047	1279	3598	2055	1174
3839	2047	1279	3855	2055	1172
4095	2047	1279	4095	2047	1164
0	2303	1279	20	2309	1186
255	2303	1279	271	2309	1186
511	2303	1279	522	2309	1185
767	2303	1279	776	2309	1185
1023	2303	1279	1031	2309	1185
1279	2303	1279	1288	2309	1184
1535	2303	1279	1544	2309	1184
1791	2303	1279	1800	2309	1183
2047	2303	1279	2057	2309	1182
2303	2303	1279	2314	2310	1181
2559	2303	1279	2571	2310	1180
2815	2303	1279	2827	2310	1179
3071	2303	1279	3084	2310	1177
3327	2303	1279	3341	2310	1175
3583	2303	1279	3598	2310	1173
3839	2303	1279	3855	2311	1171
4095	2303	1279	4095	2302	1164
0	2559	1279	6	2565	1185
255	2559	1279	261	2565	1185
511	2559	1279	516	2565	1185
767	2559	1279	772	2565	1185
1023	2559	1279	1029	2565	1185
1279	2559	1279	1285	2565	1184
1535	2559	1279	1542	2565	1183
1791	2559	1279	1799	2565	1183
2047	2559	1279	2056	2566	1182
2303	2559	1279	2313	2566	1181
2559	2559	1279	2570	2566	1180
2815	2559	1279	2827	2566	1178
3071	2559	1279	3083	2566	1177
3327	2559	1279	3340	2566	1175
3583	2559	1279	3597	2567	1173
3839	2559	1279	3854	2567	1171
4095	2559	1279	4095	2557	1164
0	2815	1279	0	2832	1196
255	2815	1279	249	2821	1185
511	2815	1279	509	2822	1185
767	2815	1279	768	2822	1185
1023	2815	1279	1026	2822	1184
1279	2815	1279	1283	2822	1184
1535	2815	1279	1540	2822	1183
1791	2815	1279	1797	2822	1182
2047	2815	1279	2054	2822	1181
2303	2815	1279	2312	2822	1180
2559	2815	1279	2569	2822	1179
2815	2815	1279	2826	2822	1178
3071	2815	1279	3083	2822	1176
3327	2815	1279	3340	2822	1175
3583	2815	1279	3597	2823	1173
3839	2815	1279	3854	2823	1171
4095	2815	1279	4095	2812	1164
0	3071	1279	0	3107	1214
255	3071	1279	234	3078	1184
511	3071	1279	502	3078	1184
767	3071	1279	763	3078	1184
1023	3071	1279	1022	3078	1184
1279	3071	1279	1280	3078	1183
1535	3071	1279	1538	3078	1183
1791	3071	1279	1796	3078	1182
2047	3071	1279	2053	3078	1181
2303	3071	1279	2310	3078	1180
2559	3071	1279	2567	3078	1179
2815	3071	1279	2825	3078	1177
3071	3071	1279	3082	3079	1176
3327	3071	1279	3339	3079	1174
3583	3071	1279	3596	3079	1172
3839	3071	1279	3853	3079	1170
4095	3071	1279	4095	3068	1164
0	3327	1279	0	3384	1234
255	3327	1279	218	3334	1184
511	3327	1279	493	3334	1184
767	3327	1279	757	3334	1184
1023	3327	1279	1018	3334	1183
1279	3327	1279	1277	3334	1183
1535	3327	1279	1536	3334	1182
1791	3327	1279	1794	3334	1181
2047	3327	1279	2051	3334	1181
2303	3327	1279	2309	3335	1179
2559	3327	1279	2566	3335	1178
2815	3327	1279	2823	3335	1177
3071	3327	1279	3081	3335	1175
3327	3327	1279	3338	3335	1174
3583	3327	1279	3595	3335	1172
3839	3327	1279	3852	3335	1170
4095	3327	1279	4095	3324	1163
0	3583	1279	0	3664	1257
255	3583	1279	198	3591	1183
511	3583	1279	483	3591	1183
767	3583	1279	751	3591	1183
1023	3583	1279	1013	3591	1183
1279	3583	1279	1274	3591	1182
1535	3583	1279	1533	3591	1182
1791	3583	1279	1791	3591	1181
2047	3583	1279	2049	3591	1180
2303	3583	1279	2307	3591	1179
2559	3583	1279	2565	3591	1178
2815	3583	1279	2822	3591	1176
3071	3583	1279	3080	3591	1175
3327	3583	1279	3337	3591	1173
3583	3583	1279	3594	3591	1171
3839	3583	1279	3851	3592	1169
4095	3583	1279	4095	3580	1163
0	3839	1279	0	3945	1281
255	3839	1279	175	3847	1183
511	3839	1279	472	3847	1183
767	3839	1279	744	3847	1182
1023	3839	1279	1008	3847	1182
1279	3839	1279	1270	3847	1182
1535	3839	1279	1530	3847	1181
1791	3839	1279	1789	3847	1180
2047	3839	1279	2047	3847	1179
2303	3839	1279	2305	3847	1178
2559	3839	1279	2563	3847	1177
2815	3839	1279	2821	3847	1176
3071	3839	1279	3078	3847	1174
3327	3839	1279	3336	3848	1173
3583	3839	1279	3593	3848	1171
3839	3839	1279	3850	3848	1168
4095	3839	1279	4095	3836	1163
0	4095	1279	0	4095	1180
255	4095	1279	148	4095	1180
511	4095	1279	459	4095	1180
767	4095	1279	735	4095	1179
1023	4095	1279	1001	4095	1179
1279	4095	1279	1263	4095	1179
1535	4095	1279	1523	4095	1178
1791	4095	1279	1782	4095	1177
2047	4095	1279	2041	4095	1176
2303	4095	1279	2299	4095	1175
2559	4095	1279	2556	4095	1174
2815	4095	1279	2813	4095	1173
3071	4095	1279	3070	4095	1171
3327	4095	1279	3327	4095	1169
3583	4095	1279	3584	4095	1167
3839	4095	1279	3841	4095	1165
4095	4095	1279	4095	4093	1162
0	0	1535	111	30	1427
255	0	1535	330	30	1427
511	0	1535	557	31	1427
767	0	1535	799	31	1427
1023	0	1535	1049	32	1427
1279	0	1535	1301	33	1426
1535	0	1535	1555	34	1426
1791	0	1535	1809	35	1425
2047	0	1535	2065	37	1425
2303	0	1535	2320	38	1424
2559	0	1535	2576	40	1423
2815	0	1535	2832	43	1422
3071	0	1535	3089	46	1420
3327	0	1535	3345	48	1419
3583	0	1535	3602	52	1417
3839	0	1535	3858	55	1416
4095	0	1535	4095	59	1407
0	255	1535	110	277	1427
255	255	1535	329	278	1427
511	255	1535	556	278	1427
767	255	1535	799	278	1427
1023	255	1535	1048	278	1427
1279	255	1535	1301	279	1426
1535	255	1535	1554	280	1426
1791	255	1535	1809	281	1425
2047	255	1535	2065	282	1424
2303	255	1535	2320	283	1424
2559	255	1535	2576	284	1423
2815	255	1535	2832	286	1422
3071	255	1535	3089	288	1420
3327	255	1535	3345	290	1419
3583	255	1535	3602	292	1417
3839	255	1535	3858	294	1416
4095	255	1535	4095	296	1407
0	511	1535	108	524	1427
255	511	1535	328	524	1427
511	511	1535	556	525	1427
767	511	1535	799	525	1427
1023	511	1535	1048	525	1427
1279	511	1535	1300	525	1426
1535	511	1535	1554	526	1426
1791	511	1535	1809	526	1425
2047	511	1535	2064	527	1424
2303	511	1535	2320	528	1424
2559	511	1535	2576	528	1423
2815	511	1535	2832	529	1422
3071	511	1535	3089	530	1420
3327	511	1535	3345	532	1419
3583	511	1535	3601	533	1417
3839	511	1535	3858	534	1416
4095	511	1535	4095	533	1407
0	767	1535	105	777	1427
255	767	1535	326	777	1427
511	767	1535	554	777	1427
767	767	1535	798	777	1427
1023	767	1535	1048	777	1427
1279	767	1535	1300	777	1426
1535	767	1535	1554	778	1426
1791	767	1535	1809	778	1425
2047	767	1535	2064	778	1424
2303	767	1535	2320	779	1424
2559	767	1535	2576	779	1423
2815	767	1535	2832	780	1422
3071	767	1535	3088	781	1420
3327	767	1535	3345	782	1419
3583	767	1535	3601	782	1417
3839	767	1535	3858	783	1416
4095	767	1535	4095	781	1407
0	1023	1535	100	1031	1427
255	1023	1535	324	1031	1427
511	1023	1535	553	1031	1427
767	1023	1535	797	1031	1427
1023	1023	1535	1047	1031	1426
1279	1023	1535	1299	1031	1426
1535	1023	1535	1553	1032	1426
1791	1023	1535	1808	1032	1425
2047	1023	1535	2064	1032	1424
2303	1023	1535	2320	1033	1423
2559	1023	1535	2576	1033	1423
2815	1023	1535	2832	1033	1421
3071	1023	1535	3088	1034	1420
3327	1023	1535	3345	1035	1419
3583	1023	1535	3601	1035	1417
3839	1023	1535	3858	1036	1416
4095	1023	1535	4095	1032	1407
0	1279	1535	95	1286	1427
255	1279	1535	320	1286	1427
511	1279	1535	551	1286	1427
767	1279	1535	795	1286	1427
1023	1279	1535	1046	1286	1426
1279	1279	1535	1299	1286	1426
1535	1279	1535	1553	1287	1426
1791	1279	1535	1808	1287	1425
2047	1279	1535	2063	1287	1424
2303	1279	1535	2319	1287	1423
2559	1279	1535	2575	1288	1422
2815	1279	1535	2831	1288	1421
3071	1279	1535	3088	1288	1420
3327	1279	1535	3344	1289	1419
3583	1279	1535	3601	1289	1417
3839	1279	1535	3858	1290	1416
4095	1279	1535	4095	1284	1407
0	1535	1535	87	1542	1427
255	1535	1535	316	1542	1427
511	1535	1535	548	1542	1427
767	1535	1535	793	1542	1427
1023	1535	1535	1044	1542	1426
1279	1535	1535	1297	1542	1426
1535	1535	1535	1552	1542	1425
1791	1535	1535	1807	1542	1425
2047	1535	1535	2063	1542	1424
2303	1535	1535	2319	1543	1423
2559	1535	1535	2575	1543	1422
2815	1535	1535	2831	1543	1421
3071	1535	1535	3088	1544	1420
3327	1535	1535	3344	1544	1419
3583	1535	1535	3601	1544	1417
3839	1535	1535	3857	1545	1415
4095	1535	1535	4095	1538	1407
0	1791	1535	78	1798	1427
255	1791	1535	310	1798	1427
511	1791	1535	544	1798	1427
767	1791	1535	791	1798	1426
1023	1791	1535	1043	1798	1426
1279	1791	1535	1296	1798	1426
1535	1791	1535	1551	1798	1425
1791	1791	1535	1806	1798	1425
2047	1791	1535	2062	1798	1424
2303	1791	1535	2318	1798	1423
2559	1791	1535	2574	1799	1422
2815	1791	1535	2831	1799	1421
3071	1791	1535	3087	1799	1420
3327	1791	1535	3344	1799	1418
3583	1791	1535	3600	1800	1417
3839	1791	1535	3857	1800	1415
4095	1791	1535	4095	1792	1407
0	2047	1535	68	2054	1427
255	2047	1535	303	2054	1426
511	2047	1535	540	2054	1426
767	2047	1535	788	2054	1426
1023	2047	1535	1041	2054	1426
1279	2047	1535	1295	2054	1425
1535	2047	1535	1550	2054	1425
1791	2047	1535	1805	2054	1424
2047	2047	1535	2061	2054	1424
2303	2047	1535	2317	2054	1423
2559	2047	1535	2574	2054	1422
2815	2047	1535	2830	2055	1421
3071	2047	1535	3087	2055	1420
3327	2047	1535	3343	2055	1418
3583	2047	1535	3600	2055	1417
3839	2047	1535	3857	2056	1415
4095	2047	1535	4095	2047	1407
0	2303	1535	55	2310	1426
255	2303	1535	295	2310	1426
511	2303	1535	535	2310	1426
767	2303	1535	785	2310	1426
1023	2303	1535	1038	2310	1426
1279	2303	1535	1293	2310	1425
1535	2303	1535	1548	2310	1425
1791	2303	1535	1804	2310	1424
2047	2303	1535	2060	2310	1423
2303	2303	1535	2316	2310	1423
2559	2303	1535	2573	2310	1422
2815	2303	1535	2829	2311	1421
3071	2303	1535	3086	2311	1419
3327	2303	1535	3343	2311	1418
3583	2303	1535	3599	2311	1416
3839	2303	1535	3856	2311	1415
4095	2303	1535	4095	2302	1407
0	2559	1535	40	2566	1426
255	2559	1535	285	2566	1426
511	2559	1535	530	2566	1426
767	2559	1535	781	2566	1426
1023	2559	1535	1035	2566	1425
1279	2559	1535	1291	2566	1425
1535	2559	1535	1546	2566	1425
1791	2559	1535	1802	2566	1424
2047	2559	1535	2059	2566	1423
2303	2559	1535	2315	2566	1422
2559	2559	1535	2572	2566	1421
2815	2559	1535	2828	2567	1420
3071	2559	1535	3085	2567	1419
3327	2559	1535	3342	2567	1418
3583	2559	1535	3599	2567	1416
3839	2559	1535	3856	2567	1415
4095	2559	1535	4095	2557	1407
0	2815	1535	24	2822	1426
255	2815	1535	274	2822	1426
511	2815	1535	523	2822	1426
767	2815	1535	777	2822	1425
1023	2815	1535	1032	2822	1425
1279	2815	1535	1288	2822	1425
1535	2815	1535	1544	2822	1424
1791	2815	1535	1801	2822	1424
2047	2815	1535	2057	2822	1423
2303	2815	1535	2314	2822	1422
2559	2815	1535	2571	2823	1421
2815	2815	1535	2828	2823	1420
3071	2815	1535	3084	2823	1419
3327	2815	1535	3341	2823	1417
3583	2815	1535	3598	2823	1416
3839	2815	1535	3855	2823	1414
4095	2815	1535	4095	2812	1407
0	3071	1535	5	3078	1425
255	3071	1535	261	3078	1425
511	3071	1535	516	3078	1425
767	3071	1535	772	3078	1425
1023	3071	1535	1029	3078	1425
1279	3071	1535	1285	3078	1424
1535	3071	1535	1542	3078	1424
1791	3071	1535	1799	3079	1423
2047	3071	1535	2056	3079	1423
2303	3071	1535	2313	3079	1422
2559	3071	1535	2570	3079	1421
2815	3071	1535	2827	3079	1420
3071	3071	1535	3083	3079	1418
3327	3071	1535	3340	3079	1417
3583	3071	1535	3597	3079	1416
3839	3071	1535	3854	3080	1414
4095	3071	1535	4095	3068	1406
0	3327	1535	0	3350	1440
255	3327	1535	245	3335	1425
511	3327	1535	507	3335	1425
767	3327	1535	767	3335	1425
1023	3327	1535	1025	3335	1424
1279	3327	1535	1282	3335	1424
1535	3327	1535	1540	3335	1423
1791	3327	1535	1797	3335	1423
2047	3327	1535	2054	3335	1422
2303	3327	1535	2311	3335	1421
2559	3327	1535	2568	3335	1420
2815	3327	1535	2825	3335	1419
3071	3327	1535	3082	3335	1418
3327	3327	1535	3339	3335	1417
3583	3327	1535	3596	3336	1415
3839	3327	1535	3853	3336	1413
4095	3327	1535	4095	3323	1406
0	3583	1535	0	3629	1463
255	3583	1535	227	3591	1425
511	3583	1535	498	3591	1424
767	3583	1535	760	3591	1424
1023	3583	1535	1020	3591	1424
1279	3583	1535	1279	3591	1424
1535	3583	1535	1537	3591	1423
1791	3583	1535	1795	3591	1422
2047	3583	1535	2052	3591	1422
2303	3583	1535	2310	3591	1421
2559	3583	1535	2567	3591	1420
2815	3583	1535	2824	3591	1419
3071	3583	1535	3081	3592	1418
3327	3583	1535	3338	3592	1416
3583	3583	1535	3596	3592	1415
3839	3583	1535	3853	3592	1413
4095	3583	1535	4095	3579	1406
0	3839	1535	0	3911	1488
255	3839	1535	207	3847	1424
511	3839	1535	487	3847	1424
767	3839	1535	754	3847	1424
1023	3839	1535	1015	3847	1423
1279	3839	1535	1275	3847	1423
1535	3839	1535	1534	3847	1423
1791	3839	1535	1792	3847	1422
2047	3839	1535	2050	3847	1421
2303	3839	1535	2308	3848	1420
2559	3839	1535	2565	3848	1419
2815	3839	1535	2823	3848	1418
3071	3839	1535	3080	3848	1417
3327	3839	1535	3337	3848	1416
3583	3839	1535	3595	3848	1414
3839	3839	1535	3852	3848	1413
4095	3839	1535	4095	3835	1406
0	4095	1535	0	4095	1421
255	4095	1535	182	4095	1421
511	4095	1535	475	4095	1420
767	4095	1535	745	4095	1420
1023	4095	1535	1008	4095	1420
1279	4095	1535	1268	4095	1420
1535	4095	1535	1527	4095	1419
1791	4095	1535	1786	4095	1418
2047	4095	1535	2043	4095	1418
2303	4095	1535	2301	4095	1417
2559	4095	1535	2558	4095	1416
2815	4095	1535	2815	4095	1415
3071	4095	1535	3072	4095	1413
3327	4095	1535	3329	4095	1412
3583	4095	1535	3585	4095	1410
3839	4095	1535	3842	4095	1409
4095	4095	1535	4095	4092	1406
0	0	1791	153	42	1668
255	0	1791	355	42	1668
511	0	1791	572	42	1668
767	0	1791	810	43	1667
1023	0	1791	1057	43	1667
1279	0	1791	1307	44	1667
1535	0	1791	1560	45	1666
1791	0	1791	1813	47	1666
2047	0	1791	2068	48	1665
2303	0	1791	2323	50	1665
2559	0	1791	2579	52	1664
2815	0	1791	2835	55	1663
3071	0	1791	3091	57	1662
3327	0	1791	3347	60	1661
3583	0	1791	3603	63	1660
3839	0	1791	3860	67	1658
4095	0	1791	4095	71	1648
0	255	1791	152	285	1668
255	255	1791	354	286	1668
511	255	1791	572	286	1668
767	255	1791	810	286	1667
1023	255	1791	1056	286	1667
1279	255	1791	1307	287	1667
1535	255	1791	1559	288	1666
1791	255	1791	1813	289	1666
2047	255	1791	2068	290	1665
2303	255	1791	2323	291	1665
2559	255	1791	2579	292	1664
2815	255	1791	2835	294	1663
3071	255	1791	3091	296	1662
3327	255	1791	3347	298	1661
3583	255	1791	3603	300	1660
3839	255	1791	3860	302	1658
4095	255	1791	4095	303	1648
0	511	1791	150	529	1668
255	511	1791	353	529	1668
511	511	1791	571	529	1667
767	511	1791	810	529	1667
1023	511	1791	1056	530	1667
1279	511	1791	1307	530	1667
1535	511	1791	1559	530	1666
1791	511	1791	1813	531	1666
2047	511	1791	2068	531	1665
2303	511	1791	2323	532	1665
2559	511	1791	2579	533	1664
2815	511	1791	2835	534	1663
3071	511	1791	3091	535	1662
3327	511	1791	3347	536	1661
3583	511	1791	3603	537	1660
3839	511	1791	3860	539	1658
4095	511	1791	4095	538	1648
0	767	1791	147	780	1668
255	767	1791	351	780	1668
511	767	1791	570	780	1667
767	767	1791	809	780	1667
1023	767	1791	1056	780	1667
1279	767	1791	1306	780	1667
1535	767	1791	1559	781	1666
1791	767	1791	1813	781	1666
2047	767	1791	2068	781	1665
2303	767	1791	2323	782	1665
2559	767	1791	2579	782	1664
2815	767	1791	2834	783	1663
3071	767	1791	3090	784	1662
3327	767	1791	3347	785	1661
3583	767	1791	3603	785	1659
3839	767	1791	3859	786	1658
4095	767	1791	4095	783	1648
0	1023	1791	143	1033	1668
255	1023	1791	349	1033	1667
511	1023	1791	569	1033	1667
767	1023	1791	808	1033	1667
1023	1023	1791	1055	1034	1667
1279	1023	1791	1306	1034	1667
1535	1023	1791	1558	1034	1666
1791	1023	1791	1812	1034	1666
2047	1023	1791	2067	1034	1665
2303	1023	1791	2323	1035	1665
2559	1023	1791	2578	1035	1664
2815	1023	1791	2834	1036	1663
3071	1023	1791	3090	1036	1662
3327	1023	1791	3347	1037	1661
3583	1023	1791	3603	1037	1659
3839	1023	1791	3859	1038	1658
4095	1023	1791	4095	1034	1648
0	1279	1791	137	1288	1667
255	1279	1791	346	1288	1667
511	1279	1791	566	1288	1667
767	1279	1791	806	1288	1667
1023	1279	1791	1054	1288	1667
1279	1279	1791	1305	1288	1667
1535	1279	1791	1558	1288	1666
1791	1279	1791	1812	1289	1666
2047	1279	1791	2067	1289	1665
2303	1279	1791	2322	1289	1664
2559	1279	1791	2578	1289	1664
2815	1279	1791	2834	1290	1663
3071	1279	1791	3090	1290	1662
3327	1279	1791	3346	1291	1661
3583	1279	1791	3603	1291	1659
3839	1279	1791	3859	1292	1658
4095	1279	1791	4095	1286	1648
0	1535	1791	130	1543	1667
255	1535	1791	341	1543	1667
511	1535	1791	564	1543	1667
767	1535	1791	804	1543	1667
1023	1535	1791	1052	1543	1667
1279	1535	1791	1304	1543	1666
1535	1535	1791	1557	1543	1666
1791	1535	1791	1811	1544	1666
2047	1535	1791	2066	1544	1665
2303	1535	1791	2322	1544	1664
2559	1535	1791	2577	1544	1664
2815	1535	1791	2833	1545	1663
3071	1535	1791	3090	1545	1662
3327	1535	1791	3346	1545	1660
3583	1535	1791	3602	1546	1659
3839	1535	1791	3859	1546	1658
4095	1535	1791	4095	1539	1648
0	1791	1791	121	1799	1667
255	1791	1791	336	1799	1667
511	1791	1791	560	1799	1667
767	1791	1791	802	1799	1667
1023	1791	1791	1051	1799	1667
1279	1791	1791	1302	1799	1666
1535	1791	1791	1556	1799	1666
1791	1791	1791	1810	1799	1665
2047	1791	1791	2065	1799	1665
2303	1791	1791	2321	1799	1664
2559	1791	1791	2577	1800	1663
2815	1791	1791	2833	1800	1662
3071	1791	1791	3089	1800	1661
3327	1791	1791	3346	1800	1660
3583	1791	1791	3602	1801	1659
3839	1791	1791	3858	1801	1658
4095	1791	1791	4095	1793	1648
0	2047	1791	110	2054	1667
255	2047	1791	330	2055	1667
511	2047	1791	556	2055	1667
767	2047	1791	799	2055	1667
1023	2047	1791	1049	2055	1666
1279	2047	1791	1301	2055	1666
1535	2047	1791	1555	2055	1666
1791	2047	1791	1809	2055	1665
2047	2047	1791	2065	2055	1665
2303	2047	1791	2320	2055	1664
2559	2047	1791	2576	2055	1663
2815	2047	1791	2832	2056	1662
3071	2047	1791	3089	2056	1661
3327	2047	1791	3345	2056	1660
3583	2047	1791	3602	2056	1659
3839	2047	1791	3858	2057	1658
4095	2047	1791	4095	2047	1648
0	2303	1791	98	2310	1667
255	2303	1791	322	2310	1667
511	2303	1791	552	2310	1667
767	2303	1791	796	2311	1667
1023	2303	1791	1046	2311	1666
1279	2303	1791	1299	2311	1666
1535	2303	1791	1553	2311	1666
1791	2303	1791	1808	2311	1665
2047	2303	1791	2064	2311	1664
2303	2303	1791	2319	2311	1664
2559	2303	1791	2575	2311	1663
2815	2303	1791	2832	2311	1662
3071	2303	1791	3088	2312	1661
3327	2303	1791	3344	2312	1660
3583	2303	1791	3601	2312	1659
3839	2303	1791	3858	2312	1657
4095	2303	1791	4095	2302	1648
0	2559	1791	83	2567	1667
255	2559	1791	313	2567	1667
511	2559	1791	546	2567	1666
767	2559	1791	792	2567	1666
1023	2559	1791	1043	2567	1666
1279	2559	1791	1297	2567	1666
1535	2559	1791	1551	2567	1665
1791	2559	1791	1807	2567	1665
2047	2559	1791	2062	2567	1664
2303	2559	1791	2318	2567	1664
2559	2559	1791	2574	2567	1663
2815	2559	1791	2831	2567	1662
3071	2559	1791	3087	2567	1661
3327	2559	1791	3344	2568	1660
3583	2559	1791	3600	2568	1658
3839	2559	1791	3857	2568	1657
4095	2559	1791	4095	2557	1648
0	2815	1791	67	2823	1666
255	2815	1791	302	2823	1666
511	2815	1791	540	2823	1666
767	2815	1791	788	2823	1666
1023	2815	1791	1040	2823	1666
1279	2815	1791	1294	2823	1665
1535	2815	1791	1549	2823	1665
1791	2815	1791	1805	2823	1665
2047	2815	1791	2061	2823	1664
2303	2815	1791	2317	2823	1663
2559	2815	1791	2573	2823	1663
2815	2815	1791	2830	2823	1662
3071	2815	1791	3086	2824	1661
3327	2815	1791	3343	2824	1659
3583	2815	1791	3600	2824	1658
3839	2815	1791	3856	2824	1657
4095	2815	1791	4095	2812	1648
0	3071	1791	48	3079	1666
255	3071	1791	290	3079	1666
511	3071	1791	533	3079	1666
767	3071	1791	783	3079	1666
1023	3071	1791	1037	3079	1666
1279	3071	1791	1292	3079	1665
1535	3071	1791	1547	3079	1665
1791	3071	1791	1803	3079	1664
2047	3071	1791	2059	3079	1664
2303	3071	1791	2316	3079	1663
2559	3071	1791	2572	3079	1662
2815	3071	1791	2829	3079	1661
3071	3071	1791	3086	3080	1660
3327	3071	1791	3342	3080	1659
3583	3071	1791	3599	3080	1658
3839	3071	1791	3856	3080	1657
4095	3071	1791	4095	3067	1648
0	3327	1791	27	3335	1666
255	3327	1791	276	3335	1666
511	3327	1791	525	3335	1666
767	3327	1791	778	3335	1665
1023	3327	1791	1033	3335	1665
1279	3327	1791	1289	3335	1665
1535	3327	1791	1545	3335	1664
1791	3327	1791	1801	3335	1664
2047	3327	1791	2058	3335	1663
2303	3327	1791	2314	3335	1663
2559	3327	1791	2571	3336	1662
2815	3327	1791	2828	3336	1661
3071	3327	1791	3085	3336	1660
3327	3327	1791	3341	3336	1659
3583	3327	1791	3598	3336	1658
3839	3327	1791	3855	3336	1656
4095	3327	1791	4095	3323	1648
0	3583	1791	4	3591	1665
255	3583	1791	260	3591	1665
511	3583	1791	515	3591	1665
767	3583	1791	772	3591	1665
1023	3583	1791	1028	3591	1665
1279	3583	1791	1285	3591	1665
1535	3583	1791	1542	3592	1664
1791	3583	1791	1799	3592	1664
2047	3583	1791	2056	3592	1663
2303	3583	1791	2313	3592	1662
2559	3583	1791	2570	3592	1662
2815	3583	1791	2826	3592	1661
3071	3583	1791	3083	3592	1660
3327	3583	1791	3340	3592	1659
3583	3583	1791	3597	3592	1657
3839	3583	1791	3854	3592	1656
4095	3583	1791	4095	3578	1648
0	3839	1791	0	3869	1686
255	3839	1791	241	3848	1665
511	3839	1791	505	3848	1665
767	3839	1791	765	3848	1665
1023	3839	1791	1024	3848	1664
1279	3839	1791	1281	3848	1664
1535	3839	1791	1539	3848	1664
1791	3839	1791	1796	3848	1663
2047	3839	1791	2054	3848	1663
2303	3839	1791	2311	3848	1662
2559	3839	1791	2568	3848	1661
2815	3839	1791	2825	3848	1660
3071	3839	1791	3082	3848	1659
3327	3839	1791	3339	3848	1658
3583	3839	1791	3596	3848	1657
3839	3839	1791	3853	3849	1655
4095	3839	1791	4095	3834	1648
0	4095	1791	0	4095	1661
255	4095	1791	219	4095	1661
511	4095	1791	493	4095	1661
767	4095	1791	756	4095	1661
1023	4095	1791	1016	4095	1660
1279	4095	1791	1275	4095	1660
1535	4095	1791	1532	4095	1660
1791	4095	1791	1790	4095	1659
2047	4095	1791	2047	4095	1658
2303	4095	1791	2304	4095	1658
2559	4095	1791	2560	4095	1657
2815	4095	1791	2817	4095	1656
3071	4095	1791	3074	4095	1655
3327	4095	1791	3330	4095	1654
3583	4095	1791	3587	4095	1653
3839	4095	1791	3843	4095	1651
4095	4095	1791	4095	4091	1648
0	0	2047	201	56	1908
255	0	2047	383	56	1908
511	0	2047	590	56	1908
767	0	2047	823	57	1908
1023	0	2047	1066	57	1908
1279	0	2047	1314	58	1907
1535	0	2047	1566	59	1907
1791	0	2047	1818	61	1907
2047	0	2047	2072	62	1906
2303	0	2047	2327	64	1905
2559	0	2047	2582	66	1905
2815	0	2047	2838	68	1904
3071	0	2047	3093	71	1903
3327	0	2047	3349	74	1902
3583	0	2047	3605	77	1901
3839	0	2047	3862	81	1900
4095	0	2047	4095	85	1888
0	255	2047	200	295	1908
255	255	2047	382	295	1908
511	255	2047	590	295	1908
767	255	2047	823	295	1908
1023	255	2047	1066	296	1908
1279	255	2047	1314	296	1907
1535	255	2047	1565	297	1907
1791	255	2047	1818	298	1907
2047	255	2047	2072	299	1906
2303	255	2047	2327	300	1905
2559	255	2047	2582	301	1905
2815	255	2047	2837	303	1904
3071	255	2047	3093	305	1903
3327	255	2047	3349	307	1902
3583	255	2047	3605	309	1901
3839	255	2047	3862	311	1900
4095	255	2047	4095	312	1888
0	511	2047	199	534	1908
255	511	2047	381	535	1908
511	511	2047	589	535	1908
767	511	2047	822	535	1908
1023	511	2047	1066	535	1908
1279	511	2047	1314	535	1907
1535	511	2047	1565	536	1907
1791	511	2047	1818	536	1907
2047	511	2047	2072	537	1906
2303	511	2047	2327	538	1905
2559	511	2047	2582	538	1905
2815	511	2047	2837	539	1904
3071	511	2047	3093	540	1903
3327	511	2047	3349	541	1902
3583	511	2047	3605	543	1901
3839	511	2047	3861	544	1900
4095	511	2047	4095	543	1888
0	767	2047	196	783	1908
255	767	2047	380	784	1908
511	767	2047	588	784	1908
767	767	2047	821	784	1908
1023	767	2047	1065	784	1907
1279	767	2047	1314	784	1907
1535	767	2047	1565	784	1907
1791	767	2047	1818	785	1906
2047	767	2047	2072	785	1906
2303	767	2047	2327	786	1905
2559	767	2047	2582	786	1905
2815	767	2047	2837	787	1904
3071	767	2047	3093	787	1903
3327	767	2047	3349	788	1902
3583	767	2047	3605	789	1901
3839	767	2047	3861	790	1900
4095	767	2047	4095	787	1888
0	1023	2047	192	1036	1908
255	1023	2047	377	1036	1908
511	1023	2047	587	1036	1908
767	1023	2047	820	1036	1908
1023	1023	2047	1064	1036	1907
1279	1023	2047	1313	1036	1907
1535	1023	2047	1564	1037	1907
1791	1023	2047	1817	1037	1906
2047	1023	2047	2071	1037	1906
2303	1023	2047	2326	1037	1905
2559	1023	2047	2581	1038	1905
2815	1023	2047	2837	1038	1904
3071	1023	2047	3093	1039	1903
3327	1023	2047	3349	1039	1902
3583	1023	2047	3605	1040	1901
3839	1023	2047	3861	1041	1900
4095	1023	2047	4095	1036	1888
0	1279	2047	187	1290	1908
255	1279	2047	374	1290	1908
511	1279	2047	585	1290	1908
767	1279	2047	819	1290	1908
1023	1279	2047	1063	1290	1907
1279	1279	2047	1312	1290	1907
1535	1279	2047	1564	1290	1907
1791	1279	2047	1817	1291	1906
2047	1279	2047	2071	1291	1906
2303	1279	2047	2326	1291	1905
2559	1279	2047	2581	1291	1905
2815	1279	2047	2837	1292	1904
3071	1279	2047	3092	1292	1903
3327	1279	2047	3349	1293	1902
3583	1279	2047	3605	1293	1901
3839	1279	2047	3861	1294	1900
4095	1279	2047	4095	1287	1888
0	1535	2047	180	1545	1908
255	1535	2047	370	1545	1908
511	1535	2047	582	1545	1908
767	1535	2047	817	1545	1907
1023	1535	2047	1062	1545	1907
1279	1535	2047	1311	1545	1907
1535	1535	2047	1563	1545	1907
1791	1535	2047	1816	1545	1906
2047	1535	2047	2070	1545	1906
2303	1535	2047	2325	1546	1905
2559	1535	2047	2581	1546	1904
2815	1535	2047	2836	1546	1904
3071	1535	2047	3092	1547	1903
3327	1535	2047	3348	1547	1902
3583	1535	2047	3604	1547	1901
3839	1535	2047	3861	1548	1900
4095	1535	2047	4095	1540	1888
0	1791	2047	172	1800	1908
255	1791	2047	365	1800	1908
511	1791	2047	579	1800	1907
767	1791	2047	815	1800	1907
1023	1791	2047	1060	1800	1907
1279	1791	2047	1310	1800	1907
1535	1791	2047	1562	1800	1907
1791	1791	2047	1815	1801	1906
2047	1791	2047	2070	1801	1906
2303	1791	2047	2325	1801	1905
2559	1791	2047	2580	1801	1904
2815	1791	2047	2836	1801	1904
3071	1791	2047	3092	1802	1903
3327	1791	2047	3348	1802	1902
3583	1791	2047	3604	1802	1901
3839	1791	2047	3860	1803	1900
4095	1791	2047	4095	1793	1888
0	2047	2047	161	2056	1907
255	2047	2047	359	2056	1907
511	2047	2047	575	2056	1907
767	2047	2047	812	2056	1907
1023	2047	2047	1058	2056	1907
1279	2047	2047	1308	2056	1907
1535	2047	2047	1561	2056	1906
1791	2047	2047	1814	2056	1906
2047	2047	2047	2069	2056	1905
2303	2047	2047	2324	2056	1905
2559	2047	2047	2579	2056	1904
2815	2047	2047	2835	2057	1903
3071	2047	2047	3091	2057	1903
3327	2047	2047	3347	2057	1902
3583	2047	2047	3604	2057	1901
3839	2047	2047	3860	2058	1899
4095	2047	2047	4095	2047	1888
0	2303	2047	148	2311	1907
255	2303	2047	352	2311	1907
511	2303	2047	570	2311	1907
767	2303	2047	809	2312	1907
1023	2303	2047	1056	2312	1907
1279	2303	2047	1306	2312	1907
1535	2303	2047	1559	2312	1906
1791	2303	2047	1813	2312	1906
2047	2303	2047	2068	2312	1905
2303	2303	2047	2323	2312	1905
2559	2303	2047	2579	2312	1904
2815	2303	2047	2834	2312	1903
3071	2303	2047	3091	2313	1902
3327	2303	2047	3347	2313	1901
3583	2303	2047	3603	2313	1900
3839	2303	2047	3860	2313	1899
4095	2303	2047	4095	2302	1888
0	2559	2047	134	2567	1907
255	2559	2047	344	2567	1907
511	2559	2047	565	2567	1907
767	2559	2047	805	2567	1907
1023	2559	2047	1053	2567	1907
1279	2559	2047	1304	2568	1906
1535	2559	2047	1557	2568	1906
1791	2559	2047	1812	2568	1906
2047	2559	2047	2067	2568	1905
2303	2559	2047	2322	2568	1905
2559	2559	2047	2578	2568	1904
2815	2559	2047	2834	2568	1903
3071	2559	2047	3090	2568	1902
3327	2559	2047	3346	2569	1901
3583	2559	2047	3602	2569	1900
3839	2559	2047	3859	2569	1899
4095	2559	2047	4095	2556	1888
0	2815	2047	117	2823	1907
255	2815	2047	334	2823	1907
511	2815	2047	559	2823	1907
767	2815	2047	801	2823	1907
1023	2815	2047	1050	2824	1906
1279	2815	2047	1302	2824	1906
1535	2815	2047	1555	2824	1906
1791	2815	2047	1810	2824	1905
2047	2815	2047	2065	2824	1905
2303	2815	2047	2321	2824	1904
2559	2815	2047	2577	2824	1904
2815	2815	2047	2833	2824	1903
3071	2815	2047	3089	2824	1902
3327	2815	2047	3345	2824	1901
3583	2815	2047	3602	2825	1900
3839	2815	2047	3858	2825	1899
4095	2815	2047	4095	2811	1888
0	3071	2047	99	3080	1907
255	3071	2047	323	3080	1907
511	3071	2047	552	3080	1907
767	3071	2047	796	3080	1906
1023	3071	2047	1046	3080	1906
1279	3071	2047	1299	3080	1906
1535	3071	2047	1553	3080	1906
1791	3071	2047	1808	3080	1905
2047	3071	2047	2064	3080	1905
2303	3071	2047	2319	3080	1904
2559	3071	2047	2575	3080	1903
2815	3071	2047	2832	3080	1903
3071	3071	2047	3088	3080	1902
3327	3071	2047	3345	3080	1901
3583	3071	2047	3601	3081	1900
3839	3071	2047	3858	3081	1899
4095	3071	2047	4095	3067	1888
0	3327	2047	78	3336	1906
255	3327	2047	310	3336	1906
511	3327	2047	544	3336	1906
767	3327	2047	791	3336	1906
1023	3327	2047	1043	3336	1906
1279	3327	2047	1296	3336	1906
1535	3327	2047	1551	3336	1905
1791	3327	2047	1806	3336	1905
2047	3327	2047	2062	3336	1904
2303	3327	2047	2318	3336	1904
2559	3327	2047	2574	3336	1903
2815	3327	2047	2831	3336	1902
3071	3327	2047	3087	3336	1902
3327	3327	2047	3344	3337	1901
3583	3327	2047	3600	3337	1900
3839	3327	2047	3857	3337	1898
4095	3327	2047	4095	3322	1888
0	3583	2047	55	3592	1906
255	3583	2047	295	3592	1906
511	3583	2047	536	3592	1906
767	3583	2047	785	3592	1906
1023	3583	2047	1038	3592	1906
1279	3583	2047	1293	3592	1905
1535	3583	2047	1548	3592	1905
1791	3583	2047	1804	3592	1905
2047	3583	2047	2060	3592	1904
2303	3583	2047	2316	3592	1904
2559	3583	2047	2573	3592	1903
2815	3583	2047	2829	3592	1902
3071	3583	2047	3086	3593	1901
3327	3583	2047	3343	3593	1900
3583	3583	2047	3599	3593	1899
3839	3583	2047	3856	3593	1898
4095	3583	2047	4095	3578	1889
0	3839	2047	30	3848	1906
255	3839	2047	278	3848	1906
511	3839	2047	526	3848	1906
767	3839	2047	779	3848	1906
1023	3839	2047	1033	3848	1905
1279	3839	2047	1289	3848	1905
1535	3839	2047	1545	3848	1905
1791	3839	2047	1801	3848	1904
2047	3839	2047	2058	3848	1904
2303	3839	2047	2315	3848	1903
2559	3839	2047	2571	3849	1903
2815	3839	2047	2828	3849	1902
3071	3839	2047	3085	3849	1901
3327	3839	2047	3341	3849	1900
3583	3839	2047	3598	3849	1899
3839	3839	2047	3855	3849	1898
4095	3839	2047	4095	3833	1889
0	4095	2047	3	4095	1901
255	4095	2047	258	4095	1901
511	4095	2047	514	4095	1901
767	4095	2047	770	4095	1901
1023	4095	2047	1026	4095	1901
1279	4095	2047	1282	4095	1900
1535	4095	2047	1538	4095	1900
1791	4095	2047	1794	4095	1899
2047	4095	2047	2051	4095	1899
2303	4095	2047	2307	4095	1898
2559	4095	2047	2563	4095	1898
2815	4095	2047	2820	4095	1897
3071	4095	2047	3076	4095	1896
3327	4095	2047	3332	4095	1895
3583	4095	2047	3588	4095	1894
3839	4095	2047	3844	4095	1893
4095	4095	2047	4095	4089	1889
0	0	2303	249	72	2148
255	0	2303	413	72	2148
511	0	2303	611	73	2148
767	0	2303	838	73	2148
1023	0	2303	1077	74	2148
1279	0	2303	1323	75	2148
1535	0	2303	1573	76	2147
1791	0	2303	1824	77	2147
2047	0	2303	2077	79	2147
2303	0	2303	2331	80	2146
2559	0	2303	2586	82	2146
2815	0	2303	2841	85	2145
3071	0	2303	3096	87	2144
3327	0	2303	3352	90	2143
3583	0	2303	3608	94	2142
3839	0	2303	3864	97	2141
4095	0	2303	4095	101	2127
0	255	2303	249	305	2148
255	255	2303	413	305	2148
511	255	2303	611	306	2148
767	255	2303	837	306	2148
1023	255	2303	1077	306	2148
1279	255	2303	1323	307	2148
1535	255	2303	1572	308	2147
1791	255	2303	1824	308	2147
2047	255	2303	2077	309	2147
2303	255	2303	2331	310	2146
2559	255	2303	2586	312	2146
2815	255	2303	2841	313	2145
3071	255	2303	3096	315	2144
3327	255	2303	3352	317	2143
3583	255	2303	3608	319	2142
3839	255	2303	3864	321	2141
4095	255	2303	4095	322	2127
0	511	2303	247	541	2148
255	511	2303	412	541	2148
511	511	2303	610	541	2148
767	511	2303	837	541	2148
1023	511	2303	1077	541	2148
1279	511	2303	1323	542	2148
1535	511	2303	1572	542	2147
1791	511	2303	1824	543	2147
2047	511	2303	2077	543	2147
2303	511	2303	2331	544	2146
2559	511	2303	2586	545	2146
2815	511	2303	2841	546	2145
3071	511	2303	3096	547	2144
3327	511	2303	3352	548	2143
3583	511	2303	3608	549	2142
3839	511	2303	3864	550	2141
4095	511	2303	4095	548	2127
0	767	2303	245	788	2148
255	767	2303	410	788	2148
511	767	2303	609	788	2148
767	767	2303	836	788	2148
1023	767	2303	1076	788	2148
1279	767	2303	1322	788	2148
1535	767	2303	1572	789	2147
1791	767	2303	1824	789	2147
2047	767	2303	2077	789	2147
2303	767	2303	2331	790	2146
2559	767	2303	2585	790	2146
2815	767	2303	2840	791	2145
3071	767	2303	3096	792	2144
3327	767	2303	3352	792	2143
3583	767	2303	3607	793	2142
3839	767	2303	3864	794	2141
4095	767	2303	4095	790	2127
0	1023	2303	242	1039	2148
255	1023	2303	408	1039	2148
511	1023	2303	607	1039	2148
767	1023	2303	835	1039	2148
1023	1023	2303	1075	1039	2148
1279	1023	2303	1322	1039	2148
1535	1023	2303	1571	1040	2147
1791	1023	2303	1823	1040	2147
2047	1023	2303	2076	1040	2147
2303	1023	2303	2330	1041	2146
2559	1023	2303	2585	1041	2145
2815	1023	2303	2840	1041	2145
3071	1023	2303	3096	1042	2144
3327	1023	2303	3351	1042	2143
3583	1023	2303	3607	1043	2142
3839	1023	2303	3863	1044	2141
4095	1023	2303	4095	1038	2127
0	1279	2303	237	1292	2148
255	1279	2303	405	1292	2148
511	1279	2303	606	1292	2148
767	1279	2303	834	1292	2148
1023	1279	2303	1074	1293	2148
1279	1279	2303	1321	1293	2148
1535	1279	2303	1571	1293	2147
1791	1279	2303	1823	1293	2147
2047	1279	2303	2076	1293	2146
2303	1279	2303	2330	1294	2146
2559	1279	2303	2585	1294	2145
2815	1279	2303	2840	1294	2145
3071	1279	2303	3095	1295	2144
3327	1279	2303	3351	1295	2143
3583	1279	2303	3607	1295	2142
3839	1279	2303	3863	1296	2141
4095	1279	2303	4095	1289	2128
0	1535	2303	231	1547	2148
255	1535	2303	402	1547	2148
511	1535	2303	603	1547	2148
767	1535	2303	832	1547	2148
1023	1535	2303	1073	1547	2148
1279	1535	2303	1320	1547	2147
1535	1535	2303	1570	1547	2147
1791	1535	2303	1822	1547	2147
2047	1535	2303	2075	1547	2146
2303	1535	2303	2330	1548	2146
2559	1535	2303	2584	1548	2145
2815	1535	2303	2840	1548	2145
3071	1535	2303	3095	1548	2144
3327	1535	2303	3351	1549	2143
3583	1535	2303	3607	1549	2142
3839	1535	2303	3863	1550	2141
4095	1535	2303	4095	1541	2128
0	1791	2303	224	1802	2148
255	1791	2303	397	1802	2148
511	1791	2303	600	1802	2148
767	1791	2303	830	1802	2148
1023	1791	2303	1071	1802	2148
1279	1791	2303	1318	1802	2147
1535	1791	2303	1569	1802	2147
1791	1791	2303	1821	1802	2147
2047	1791	2303	2075	1802	2146
2303	1791	2303	2329	1802	2146
2559	1791	2303	2584	1803	2145
2815	1791	2303	2839	1803	2145
3071	1791	2303	3095	1803	2144
3327	1791	2303	3350	1803	2143
3583	1791	2303	3606	1804	2142
3839	1791	2303	3863	1804	2141
4095	1791	2303	4095	1794	2128
0	2047	2303	215	2057	2148
255	2047	2303	391	2057	2148
511	2047	2303	596	2057	2148
767	2047	2303	827	2057	2148
1023	2047	2303	1069	2057	2148
1279	2047	2303	1317	2057	2147
1535	2047	2303	1568	2057	2147
1791	2047	2303	1820	2057	2147
2047	2047	2303	2074	2058	2146
2303	2047	2303	2328	2058	2146
2559	2047	2303	2583	2058	2145
2815	2047	2303	2838	2058	2144
3071	2047	2303	3094	2058	2144
3327	2047	2303	3350	2059	2143
3583	2047	2303	3606	2059	2142
3839	2047	2303	3862	2059	2141
4095	2047	2303	4095	2048	2128
0	2303	2303	205	2313	2148
255	2303	2303	385	2313	2148
511	2303	2303	592	2313	2148
767	2303	2303	824	2313	2148
1023	2303	2303	1067	2313	2147
1279	2303	2303	1315	2313	2147
1535	2303	2303	1566	2313	2147
1791	2303	2303	1819	2313	2146
2047	2303	2303	2073	2313	2146
2303	2303	2303	2327	2313	2146
2559	2303	2303	2582	2313	2145
2815	2303	2303	2838	2314	2144
3071	2303	2303	3093	2314	2144
3327	2303	2303	3349	2314	2143
3583	2303	2303	3605	2314	2142
3839	2303	2303	3862	2314	2141
4095	2303	2303	4095	2302	2128
0	2559	2303	192	2568	2148
255	2559	2303	377	2568	2148
511	2559	2303	587	2568	2147
767	2559	2303	820	2568	2147
1023	2559	2303	1064	2569	2147
1279	2559	2303	1313	2569	2147
1535	2559	2303	1564	2569	2147
1791	2559	2303	1817	2569	2146
2047	2559	2303	2071	2569	2146
2303	2559	2303	2326	2569	2145
2559	2559	2303	2581	2569	2145
2815	2559	2303	2837	2569	2144
3071	2559	2303	3093	2569	2143
3327	2559	2303	3349	2570	2143
3583	2559	2303	3605	2570	2142
3839	2559	2303	3861	2570	2141
4095	2559	2303	4095	2556	2128
0	2815	2303	177	2824	2147
255	2815	2303	368	2824	2147
511	2815	2303	581	2824	2147
767	2815	2303	816	2824	2147
1023	2815	2303	1061	2824	2147
1279	2815	2303	1311	2824	2147
1535	2815	2303	1562	2825	2146
1791	2815	2303	1816	2825	2146
2047	2815	2303	2070	2825	2146
2303	2815	2303	2325	2825	2145
2559	2815	2303	2580	2825	2145
2815	2815	2303	2836	2825	2144
3071	2815	2303	3092	2825	2143
3327	2815	2303	3348	2825	2142
3583	2815	2303	3604	2826	2141
3839	2815	2303	3861	2826	2140
4095	2815	2303	4095	2811	2128
0	3071	2303	158	3080	2147
255	3071	2303	358	3080	2147
511	3071	2303	574	3080	2147
767	3071	2303	812	3080	2147
1023	3071	2303	1058	3080	2147
1279	3071	2303	1308	3080	2147
1535	3071	2303	1560	3081	2146
1791	3071	2303	1814	3081	2146
2047	3071	2303	2069	3081	2145
2303	3071	2303	2324	3081	2145
2559	3071	2303	2579	3081	2144
2815	3071	2303	2835	3081	2144
3071	3071	2303	3091	3081	2143
3327	3071	2303	3347	3081	2142
3583	3071	2303	3603	3081	2141
3839	3071	2303	3860	3082	2140
4095	3071	2303	4095	3066	2128
0	3327	2303	138	3336	2147
255	3327	2303	346	3336	2147
511	3327	2303	567	3336	2147
767	3327	2303	806	3336	2147
1023	3327	2303	1054	3337	2147
1279	3327	2303	1305	3337	2146
1535	3327	2303	1558	3337	2146
1791	3327	2303	1812	3337	2146
2047	3327	2303	2067	3337	2145
2303	3327	2303	2322	3337	2145
2559	3327	2303	2578	3337	2144
2815	3327	2303	2834	3337	2144
3071	3327	2303	3090	3337	2143
3327	3327	2303	3346	3337	2142
3583	3327	2303	3603	3337	2141
3839	3327	2303	3859	3338	2140
4095	3327	2303	4095	3321	2128
0	3583	2303	115	3593	2147
255	3583	2303	332	3593	2147
511	3583	2303	558	3593	2147
767	3583	2303	801	3593	2146
1023	3583	2303	1049	3593	2146
1279	3583	2303	1301	3593	2146
1535	3583	2303	1555	3593	2146
1791	3583	2303	1810	3593	2145
2047	3583	2303	2065	3593	2145
2303	3583	2303	2321	3593	2145
2559	3583	2303	2576	3593	2144
2815	3583	2303	2833	3593	2143
3071	3583	2303	3089	3593	2143
3327	3583	2303	3345	3593	2142
3583	3583	2303	3602	3593	2141
3839	3583	2303	3858	3594	2140
4095	3583	2303	4095	3576	2128
0	3839	2303	90	3849	2146
255	3839	2303	317	3849	2146
511	3839	2303	549	3849	2146
767	3839	2303	794	3849	2146
1023	3839	2303	1045	3849	2146
1279	3839	2303	1298	3849	2146
1535	3839	2303	1552	3849	2146
1791	3839	2303	1807	3849	2145
2047	3839	2303	2063	3849	2145
2303	3839	2303	2319	3849	2144
2559	3839	2303	2575	3849	2144
2815	3839	2303	2831	3849	2143
3071	3839	2303	3088	3849	2142
3327	3839	2303	3344	3849	2141
3583	3839	2303	3601	3850	2141
3839	3839	2303	3857	3850	2140
4095	3839	2303	4095	3832	2129
0	4095	2303	62	4095	2141
255	4095	2303	299	4095	2141
511	4095	2303	537	4095	2141
767	4095	2303	785	4095	2141
1023	4095	2303	1037	4095	2140
1279	4095	2303	1291	4095	2140
1535	4095	2303	1545	4095	2140
1791	4095	2303	1800	4095	2140
2047	4095	2303	2055	4095	2139
2303	4095	2303	2311	4095	2139
2559	4095	2303	2567	4095	2138
2815	4095	2303	2822	4095	2137
3071	4095	2303	3078	4095	2136
3327	4095	2303	3334	4095	2136
3583	4095	2303	3590	4095	2135
3839	4095	2303	3846	4095	2134
4095	4095	2303	4095	4088	2129
0	0	2559	297	91	2389
255	0	2559	446	91	2389
511	0	2559	634	92	2389
767	0	2559	854	92	2389
1023	0	2559	1089	93	2388
1279	0	2559	1333	93	2388
1535	0	2559	1580	95	2388
1791	0	2559	1831	96	2388
2047	0	2559	2083	97	2387
2303	0	2559	2336	99	2387
2559	0	2559	2590	101	2386
2815	0	2559	2845	104	2386
3071	0	2559	3100	106	2385
3327	0	2559	3355	109	2384
3583	0	2559	3610	113	2384
3839	0	2559	3866	116	2383
4095	0	2559	4095	119	2366
0	255	2559	297	317	2389
255	255	2559	446	317	2389
511	255	2559	634	318	2389
767	255	2559	854	318	2389
1023	255	2559	1089	318	2388
1279	255	2559	1333	319	2388
1535	255	2559	1580	319	2388
1791	255	2559	1831	320	2388
2047	255	2559	2083	321	2387
2303	255	2559	2336	322	2387
2559	255	2559	2590	324	2386
2815	255	2559	2845	325	2386
3071	255	2559	3100	327	2385
3327	255	2559	3355	328	2384
3583	255	2559	3610	330	2384
3839	255	2559	3866	333	2383
4095	255	2559	4095	333	2366
0	511	2559	295	548	2389
255	511	2559	445	548	2389
511	511	2559	633	548	2389
767	511	2559	853	548	2389
1023	511	2559	1089	548	2388
1279	511	2559	1332	549	2388
1535	511	2559	1580	549	2388
1791	511	2559	1831	550	2388
2047	511	2559	2083	550	2387
2303	511	2559	2336	551	2387
2559	511	2559	2590	552	2386
2815	511	2559	2844	553	2386
3071	511	2559	3099	554	2385
3327	511	2559	3355	555	2384
3583	511	2559	3610	556	2384
3839	511	2559	3866	557	2383
4095	511	2559	4095	555	2366
0	767	2559	293	793	2389
255	767	2559	443	793	2389
511	767	2559	632	793	2389
767	767	2559	853	793	2388
1023	767	2559	1088	793	2388
1279	767	2559	1332	793	2388
1535	767	2559	1580	793	2388
1791	767	2559	1830	794	2388
2047	767	2559	2082	794	2387
2303	767	2559	2336	795	2387
2559	767	2559	2590	795	2386
2815	767	2559	2844	796	2386
3071	767	2559	3099	796	2385
3327	767	2559	3355	797	2384
3583	767	2559	3610	798	2384
3839	767	2559	3866	799	2383
4095	767	2559	4095	795	2366
0	1023	2559	291	1043	2389
255	1023	2559	441	1043	2389
511	1023	2559	630	1043	2389
767	1023	2559	852	1043	2388
1023	1023	2559	1088	1043	2388
1279	1023	2559	1331	1043	2388
1535	1023	2559	1579	1043	2388
1791	1023	2559	1830	1043	2388
2047	1023	2559	2082	1044	2387
2303	1023	2559	2335	1044	2387
2559	1023	2559	2589	1045	2386
2815	1023	2559	2844	1045	2386
3071	1023	2559	3099	1045	2385
3327	1023	2559	3354	1046	2384
3583	1023	2559	3610	1047	2383
3839	1023	2559	3866	1047	2383
4095	1023	2559	4095	1041	2366
0	1279	2559	287	1295	2389
255	1279	2559	439	1295	2389
511	1279	2559	629	1295	2388
767	1279	2559	850	1295	2388
1023	1279	2559	1087	1295	2388
1279	1279	2559	1331	1295	2388
1535	1279	2559	1579	1296	2388
1791	1279	2559	1829	1296	2387
2047	1279	2559	2082	1296	2387
2303	1279	2559	2335	1296	2387
2559	1279	2559	2589	1297	2386
2815	1279	2559	2844	1297	2386
3071	1279	2559	3099	1297	2385
3327	1279	2559	3354	1298	2384
3583	1279	2559	3610	1298	2383
3839	1279	2559	3866	1299	2383
4095	1279	2559	4095	1291	2366
0	1535	2559	282	1549	2389
255	1535	2559	435	1549	2388
511	1535	2559	626	1549	2388
767	1535	2559	848	1549	2388
1023	1535	2559	1085	1549	2388
1279	1535	2559	1329	1549	2388
1535	1535	2559	1578	1549	2388
1791	1535	2559	1829	1549	2387
2047	1535	2559	2081	1550	2387
2303	1535	2559	2334	1550	2387
2559	1535	2559	2589	1550	2386
2815	1535	2559	2843	1550	2385
3071	1535	2559	3098	1551	2385
3327	1535	2559	3354	1551	2384
3583	1535	2559	3610	1551	2383
3839	1535	2559	3865	1552	2382
4095	1535	2559	4095	1542	2366
0	1791	2559	276	1804	2388
255	1791	2559	431	1804	2388
511	1791	2559	623	1804	2388
767	1791	2559	846	1804	2388
1023	1791	2559	1084	1804	2388
1279	1791	2559	1328	1804	2388
1535	1791	2559	1577	1804	2388
1791	1791	2559	1828	1804	2387
2047	1791	2559	2080	1804	2387
2303	1791	2559	2334	1804	2386
2559	1791	2559	2588	1804	2386
2815	1791	2559	2843	1805	2385
3071	1791	2559	3098	1805	2385
3327	1791	2559	3353	1805	2384
3583	1791	2559	3609	1806	2383
3839	1791	2559	3865	1806	2382
4095	1791	2559	4095	1795	2366
0	2047	2559	268	2059	2388
255	2047	2559	426	2059	2388
511	2047	2559	620	2059	2388
767	2047	2559	844	2059	2388
1023	2047	2559	1082	2059	2388
1279	2047	2559	1327	2059	2388
1535	2047	2559	1575	2059	2388
1791	2047	2559	1827	2059	2387
2047	2047	2559	2079	2059	2387
2303	2047	2559	2333	2059	2386
2559	2047	2559	2587	2059	2386
2815	2047	2559	2842	2060	2385
3071	2047	2559	3097	2060	2385
3327	2047	2559	3353	2060	2384
3583	2047	2559	3609	2060	2383
3839	2047	2559	3865	2061	2382
4095	2047	2559	4095	2048	2366
0	2303	2559	259	2314	2388
255	2303	2559	420	2314	2388
511	2303	2559	615	2314	2388
767	2303	2559	841	2314	2388
1023	2303	2559	1079	2314	2388
1279	2303	2559	1325	2314	2388
1535	2303	2559	1574	2314	2387
1791	2303	2559	1825	2314	2387
2047	2303	2559	2078	2314	2387
2303	2303	2559	2332	2315	2386
2559	2303	2559	2587	2315	2386
2815	2303	2559	2842	2315	2385
3071	2303	2559	3097	2315	2385
3327	2303	2559	3352	2315	2384
3583	2303	2559	3608	2316	2383
3839	2303	2559	3864	2316	2382
4095	2303	2559	4095	2302	2367
0	2559	2559	248	2570	2388
255	2559	2559	412	2570	2388
511	2559	2559	610	2570	2388
767	2559	2559	837	2570	2388
1023	2559	2559	1077	2570	2388
1279	2559	2559	1323	2570	2387
1535	2559	2559	1572	2570	2387
1791	2559	2559	1824	2570	2387
2047	2559	2559	2077	2570	2387
2303	2559	2559	2331	2570	2386
2559	2559	2559	2586	2570	2386
2815	2559	2559	2841	2570	2385
3071	2559	2559	3096	2571	2384
3327	2559	2559	3352	2571	2384
3583	2559	2559	3608	2571	2383
3839	2559	2559	3864	2571	2382
4095	2559	2559	4095	2556	2367
0	2815	2559	236	2825	2388
255	2815	2559	404	2825	2388
511	2815	2559	605	2825	2388
767	2815	2559	833	2825	2388
1023	2815	2559	1074	2825	2388
1279	2815	2559	1320	2826	2387
1535	2815	2559	1570	2826	2387
1791	2815	2559	1822	2826	2387
2047	2815	2559	2076	2826	2386
2303	2815	2559	2330	2826	2386
2559	2815	2559	2585	2826	2385
2815	2815	2559	2840	2826	2385
3071	2815	2559	3095	2826	2384
3327	2815	2559	3351	2826	2384
3583	2815	2559	3607	2827	2383
3839	2815	2559	3863	2827	2382
4095	2815	2559	4095	2810	2367
0	3071	2559	221	3081	2388
255	3071	2559	395	3081	2388
511	3071	2559	598	3081	2388
767	3071	2559	829	3081	2387
1023	3071	2559	1070	3081	2387
1279	3071	2559	1318	3081	2387
1535	3071	2559	1568	3081	2387
1791	3071	2559	1821	3082	2387
2047	3071	2559	2074	3082	2386
2303	3071	2559	2329	3082	2386
2559	3071	2559	2583	3082	2385
2815	3071	2559	2839	3082	2385
3071	3071	2559	3094	3082	2384
3327	3071	2559	3350	3082	2383
3583	3071	2559	3606	3082	2383
3839	3071	2559	3862	3083	2382
4095	3071	2559	4095	3065	2367
0	3327	2559	203	3337	2387
255	3327	2559	384	3337	2387
511	3327	2559	591	3337	2387
767	3327	2559	824	3337	2387
1023	3327	2559	1067	3337	2387
1279	3327	2559	1315	3337	2387
1535	3327	2559	1566	3337	2387
1791	3327	2559	1819	3338	2386
2047	3327	2559	2073	3338	2386
2303	3327	2559	2327	3338	2386
2559	3327	2559	2582	3338	2385
2815	3327	2559	2838	3338	2384
3071	3327	2559	3093	3338	2384
3327	3327	2559	3349	3338	2383
3583	3327	2559	3605	3338	2382
3839	3327	2559	3862	3338	2381
4095	3327	2559	4095	3320	2367
0	3583	2559	183	3593	2387
255	3583	2559	372	3593	2387
511	3583	2559	583	3593	2387
767	3583	2559	818	3593	2387
1023	3583	2559	1062	3593	2387
1279	3583	2559	1311	3593	2387
1535	3583	2559	1563	3594	2386
1791	3583	2559	1816	3594	2386
2047	3583	2559	2071	3594	2386
2303	3583	2559	2325	3594	2385
2559	3583	2559	2581	3594	2385
2815	3583	2559	2836	3594	2384
3071	3583	2559	3092	3594	2384
3327	3583	2559	3348	3594	2383
3583	3583	2559	3604	3594	2382
3839	3583	2559	3861	3594	2381
4095	3583	2559	4095	3575	2367
0	3839	2559	158	3850	2387
255	3839	2559	358	3850	2387
511	3839	2559	574	3850	2387
767	3839	2559	812	3850	2387
1023	3839	2559	1058	3850	2387
1279	3839	2559	1308	3850	2386
1535	3839	2559	1560	3850	2386
1791	3839	2559	1814	3850	2386
2047	3839	2559	2069	3850	2386
2303	3839	2559	2324	3850	2385
2559	3839	2559	2579	3850	2385
2815	3839	2559	2835	3850	2384
3071	3839	2559	3091	3850	2383
3327	3839	2559	3347	3850	2383
3583	3839	2559	3603	3850	2382
3839	3839	2559	3860	3850	2381
4095	3839	2559	4095	3831	2368
0	4095	2559	131	4095	2381
255	4095	2559	341	4095	2381
511	4095	2559	563	4095	2380
767	4095	2559	803	4095	2380
1023	4095	2559	1050	4095	2380
1279	4095	2559	1300	4095	2380
1535	4095	2559	1553	4095	2380
1791	4095	2559	1806	4095	2379
2047	4095	2559	2061	4095	2379
2303	4095	2559	2316	4095	2378
2559	4095	2559	2571	4095	2378
2815	4095	2559	2826	4095	2377
3071	4095	2559	3081	4095	2377
3327	4095	2559	3337	4095	2376
3583	4095	2559	3592	4095	2375
3839	4095	2559	3848	4095	2374
4095	4095	2559	4095	4086	2368
0	0	2815	345	113	2629
255	0	2815	481	113	2629
511	0	2815	659	113	2629
767	0	2815	872	113	2629
1023	0	2815	1103	114	2629
1279	0	2815	1344	115	2629
1535	0	2815	1589	116	2628
1791	0	2815	1838	117	2628
2047	0	2815	2089	119	2628
2303	0	2815	2342	121	2627
2559	0	2815	2595	123	2627
2815	0	2815	2849	125	2626
3071	0	2815	3103	128	2626
3327	0	2815	3358	131	2625
3583	0	2815	3614	134	2625
3839	0	2815	3869	138	2624
4095	0	2815	4095	141	2604
0	255	2815	345	330	2629
255	255	2815	480	330	2629
511	255	2815	659	331	2629
767	255	2815	872	331	2629
1023	255	2815	1103	331	2629
1279	255	2815	1344	332	2629
1535	255	2815	1589	332	2628
1791	255	2815	1838	333	2628
2047	255	2815	2089	334	2628
2303	255	2815	2341	335	2627
2559	255	2815	2595	336	2627
2815	255	2815	2849	338	2626
3071	255	2815	3103	339	2626
3327	255	2815	3358	341	2625
3583	255	2815	3614	343	2624
3839	255	2815	3869	345	2624
4095	255	2815	4095	345	2604
0	511	2815	344	556	2629
255	511	2815	480	556	2629
511	511	2815	658	556	2629
767	511	2815	872	556	2629
1023	511	2815	1103	557	2629
1279	511	2815	1343	557	2629
1535	511	2815	1589	557	2628
1791	511	2815	1838	558	2628
2047	511	2815	2089	558	2628
2303	511	2815	2341	559	2627
2559	511	2815	2595	560	2627
2815	511	2815	2849	561	2626
3071	511	2815	3103	562	2626
3327	511	2815	3358	563	2625
3583	511	2815	3614	564	2624
3839	511	2815	3869	565	2624
4095	511	2815	4095	563	2604
0	767	2815	342	798	2629
255	767	2815	478	798	2629
511	767	2815	657	798	2629
767	767	2815	871	798	2629
1023	767	2815	1102	798	2629
1279	767	2815	1343	799	2629
1535	767	2815	1589	799	2628
1791	767	2815	1838	799	2628
2047	767	2815	2089	800	2628
2303	767	2815	2341	800	2627
2559	767	2815	2594	801	2627
2815	767	2815	2849	801	2626
3071	767	2815	3103	802	2626
3327	767	2815	3358	803	2625
3583	767	2815	3613	804	2624
3839	767	2815	3869	804	2624
4095	767	2815	4095	800	2604
0	1023	2815	339	1047	2629
255	1023	2815	476	1047	2629
511	1023	2815	656	1047	2629
767	1023	2815	870	1047	2629
1023	1023	2815	1102	1047	2629
1279	1023	2815	1342	1047	2629
1535	1023	2815	1588	1047	2628
1791	1023	2815	1837	1048	2628
2047	1023	2815	2088	1048	2628
2303	1023	2815	2341	1048	2627
2559	1023	2815	2594	1049	2627
2815	1023	2815	2848	1049	2626
3071	1023	2815	3103	1050	2626
3327	1023	2815	3358	1050	2625
3583	1023	2815	3613	1051	2624
3839	1023	2815	3869	1051	2624
4095	1023	2815	4095	1045	2604
0	1279	2815	336	1298	2629
255	1279	2815	474	1298	2629
511	1279	2815	654	1298	2629
767	1279	2815	869	1298	2629
1023	1279	2815	1101	1298	2629
1279	1279	2815	1342	1299	2628
1535	1279	2815	1588	1299	2628
1791	1279	2815	1837	1299	2628
2047	1279	2815	2088	1299	2628
2303	1279	2815	2340	1299	2627
2559	1279	2815	2594	1300	2627
2815	1279	2815	2848	1300	2626
3071	1279	2815	3103	1300	2626
3327	1279	2815	3358	1301	2625
3583	1279	2815	3613	1301	2624
3839	1279	2815	3869	1302	2624
4095	1279	2815	4095	1293	2604
0	1535	2815	332	1551	2629
255	1535	2815	471	1551	2629
511	1535	2815	651	1551	2629
767	1535	2815	867	1552	2629
1023	1535	2815	1099	1552	2629
1279	1535	2815	1341	1552	2628
1535	1535	2815	1587	1552	2628
1791	1535	2815	1836	1552	2628
2047	1535	2815	2087	1552	2628
2303	1535	2815	2340	1552	2627
2559	1535	2815	2593	1553	2627
2815	1535	2815	2848	1553	2626
3071	1535	2815	3102	1553	2626
3327	1535	2815	3357	1554	2625
3583	1535	2815	3613	1554	2624
3839	1535	2815	3868	1554	2624
4095	1535	2815	4095	1544	2604
0	1791	2815	326	1806	2629
255	1791	2815	467	1806	2629
511	1791	2815	649	1806	2629
767	1791	2815	865	1806	2629
1023	1791	2815	1098	1806	2628
1279	1791	2815	1339	1806	2628
1535	1791	2815	1586	1806	2628
1791	1791	2815	1835	1806	2628
2047	1791	2815	2087	1806	2627
2303	1791	2815	2339	1806	2627
2559	1791	2815	2593	1807	2627
2815	1791	2815	2847	1807	2626
3071	1791	2815	3102	1807	2626
3327	1791	2815	3357	1807	2625
3583	1791	2815	3612	1808	2624
3839	1791	2815	3868	1808	2623
4095	1791	2815	4095	1796	2604
0	2047	2815	320	2060	2629
255	2047	2815	462	2060	2629
511	2047	2815	645	2060	2629
767	2047	2815	862	2060	2629
1023	2047	2815	1096	2060	2628
1279	2047	2815	1338	2061	2628
1535	2047	2815	1585	2061	2628
1791	2047	2815	1834	2061	2628
2047	2047	2815	2086	2061	2627
2303	2047	2815	2339	2061	2627
2559	2047	2815	2592	2061	2627
2815	2047	2815	2847	2061	2626
3071	2047	2815	3101	2062	2625
3327	2047	2815	3356	2062	2625
3583	2047	2815	3612	2062	2624
3839	2047	2815	3868	2062	2623
4095	2047	2815	4095	2049	2604
0	2303	2815	312	2316	2629
255	2303	2815	456	2316	2629
511	2303	2815	641	2316	2629
767	2303	2815	859	2316	2628
1023	2303	2815	1094	2316	2628
1279	2303	2815	1336	2316	2628
1535	2303	2815	1583	2316	2628
1791	2303	2815	1833	2316	2628
2047	2303	2815	2085	2316	2627
2303	2303	2815	2338	2316	2627
2559	2303	2815	2591	2316	2626
2815	2303	2815	2846	2316	2626
3071	2303	2815	3101	2317	2625
3327	2303	2815	3356	2317	2625
3583	2303	2815	3611	2317	2624
3839	2303	2815	3867	2317	2623
4095	2303	2815	4095	2302	2605
0	2559	2815	303	2571	2628
255	2559	2815	450	2571	2628
511	2559	2815	636	2571	2628
767	2559	2815	856	2571	2628
1023	2559	2815	1091	2571	2628
1279	2559	2815	1334	2571	2628
1535	2559	2815	1581	2571	2628
1791	2559	2815	1832	2571	2627
2047	2559	2815	2083	2571	2627
2303	2559	2815	2337	2571	2627
2559	2559	2815	2591	2572	2626
2815	2559	2815	2845	2572	2626
3071	2559	2815	3100	2572	2625
3327	2559	2815	3355	2572	2625
3583	2559	2815	3611	2572	2624
3839	2559	2815	3867	2573	2623
4095	2559	2815	4095	2556	2605
0	2815	2815	292	2827	2628
255	2815	2815	442	2827	2628
511	2815	2815	631	2827	2628
767	2815	2815	852	2827	2628
1023	2815	2815	1088	2827	2628
1279	2815	2815	1332	2827	2628
1535	2815	2815	1579	2827	2628
1791	2815	2815	1830	2827	2627
2047	2815	2815	2082	2827	2627
2303	2815	2815	2335	2827	2627
2559	2815	2815	2589	2827	2626
2815	2815	2815	2844	2827	2626
3071	2815	2815	3099	2827	2625
3327	2815	2815	3355	2828	2624
3583	2815	2815	3610	2828	2624
3839	2815	2815	3866	2828	2623
4095	2815	2815	4095	2810	2605
0	3071	2815	279	3082	2628
255	3071	2815	433	3082	2628
511	3071	2815	625	3082	2628
767	3071	2815	848	3082	2628
1023	3071	2815	1085	3082	2628
1279	3071	2815	1329	3082	2628
1535	3071	2815	1577	3083	2627
1791	3071	2815	1828	3083	2627
2047	3071	2815	2081	3083	2627
2303	3071	2815	2334	3083	2626
2559	3071	2815	2588	3083	2626
2815	3071	2815	2843	3083	2626
3071	3071	2815	3098	3083	2625
3327	3071	2815	3354	3083	2624
3583	3071	2815	3609	3083	2624
3839	3071	2815	3865	3084	2623
4095	3071	2815	4095	3064	2605
0	3327	2815	265	3338	2628
255	3327	2815	423	3338	2628
511	3327	2815	618	3338	2628
767	3327	2815	843	3338	2628
1023	3327	2815	1081	3338	2628
1279	3327	2815	1326	3338	2627
1535	3327	2815	1575	3338	2627
1791	3327	2815	1826	3338	2627
2047	3327	2815	2079	3339	2627
2303	3327	2815	2333	3339	2626
2559	3327	2815	2587	3339	2626
2815	3327	2815	2842	3339	2625
3071	3327	2815	3097	3339	2625
3327	3327	2815	3353	3339	2624
3583	3327	2815	3609	3339	2623
3839	3327	2815	3865	3339	2623
4095	3327	2815	4095	3319	2606
0	3583	2815	248	3594	2628
255	3583	2815	412	3594	2628
511	3583	2815	610	3594	2628
767	3583	2815	837	3594	2628
1023	3583	2815	1077	3594	2627
1279	3583	2815	1323	3594	2627
1535	3583	2815	1572	3594	2627
1791	3583	2815	1824	3594	2627
2047	3583	2815	2077	3594	2626
2303	3583	2815	2331	3595	2626
2559	3583	2815	2586	3595	2626
2815	3583	2815	2841	3595	2625
3071	3583	2815	3096	3595	2625
3327	3583	2815	3352	3595	2624
3583	3583	2815	3608	3595	2623
3839	3583	2815	3864	3595	2622
4095	3583	2815	4095	3574	2606
0	3839	2815	228	3850	2628
255	3839	2815	400	3850	2628
511	3839	2815	602	3850	2627
767	3839	2815	831	3850	2627
1023	3839	2815	1072	3850	2627
1279	3839	2815	1319	3850	2627
1535	3839	2815	1569	3850	2627
1791	3839	2815	1822	3850	2627
2047	3839	2815	2075	3851	2626
2303	3839	2815	2329	3851	2626
2559	3839	2815	2584	3851	2625
2815	3839	2815	2839	3851	2625
3071	3839	2815	3095	3851	2624
3327	3839	2815	3351	3851	2624
3583	3839	2815	3607	3851	2623
3839	3839	2815	3863	3851	2622
4095	3839	2815	4095	3829	2606
0	4095	2815	205	4095	2620
255	4095	2815	384	4095	2620
511	4095	2815	590	4095	2620
767	4095	2815	822	4095	2620
1023	4095	2815	1064	4095	2620
1279	4095	2815	1311	4095	2619
1535	4095	2815	1562	4095	2619
1791	4095	2815	1814	4095	2619
2047	4095	2815	2067	4095	2619
2303	4095	2815	2321	4095	2618
2559	4095	2815	2575	4095	2618
2815	4095	2815	2830	4095	2617
3071	4095	2815	3085	4095	2616
3327	4095	2815	3340	4095	2616
3583	4095	2815	3595	4095	2615
3839	4095	2815	3850	4095	2614
4095	4095	2815	4095	4084	2606
0	0	3071	393	137	2869
255	0	3071	517	137	2869
511	0	3071	686	137	2869
767	0	3071	892	138	2869
1023	0	3071	1119	138	2869
1279	0	3071	1356	139	2869
1535	0	3071	1600	140	2869
1791	0	3071	1847	141	2869
2047	0	3071	2096	143	2868
2303	0	3071	2348	145	2868
2559	0	3071	2600	147	2868
2815	0	3071	2854	149	2867
3071	0	3071	3108	152	2867
3327	0	3071	3362	155	2866
3583	0	3071	3617	158	2865
3839	0	3071	3872	162	2865
4095	0	3071	4095	164	2841
0	255	3071	393	345	2869
255	255	3071	517	345	2869
511	255	3071	686	345	2869
767	255	3071	892	345	2869
1023	255	3071	1119	345	2869
1279	255	3071	1356	346	2869
1535	255	3071	1599	347	2869
1791	255	3071	1847	347	2869
2047	255	3071	2096	348	2868
2303	255	3071	2348	349	2868
2559	255	3071	2600	350	2867
2815	255	3071	2854	352	2867
3071	255	3071	3108	353	2867
3327	255	3071	3362	355	2866
3583	255	3071	3617	357	2865
3839	255	3071	3872	359	2865
4095	255	3071	4095	358	2841
0	511	3071	392	565	2869
255	511	3071	516	565	2869
511	511	3071	685	565	2869
767	511	3071	892	565	2869
1023	511	3071	1118	565	2869
1279	511	3071	1356	566	2869
1535	511	3071	1599	566	2869
1791	511	3071	1846	567	2869
2047	511	3071	2096	567	2868
2303	511	3071	2348	568	2868
2559	511	3071	2600	569	2867
2815	511	3071	2854	569	2867
3071	511	3071	3108	570	2867
3327	511	3071	3362	572	2866
3583	511	3071	3617	573	2865
3839	511	3071	3872	574	2865
4095	511	3071	4095	571	2841
0	767	3071	390	804	2869
255	767	3071	515	804	2869
511	767	3071	684	804	2869
767	767	3071	891	804	2869
1023	767	3071	1118	805	2869
1279	767	3071	1355	805	2869
1535	767	3071	1599	805	2869
1791	767	3071	1846	805	2868
2047	767	3071	2096	806	2868
2303	767	3071	2347	806	2868
2559	767	3071	2600	807	2867
2815	767	3071	2853	807	2867
3071	767	3071	3107	808	2866
3327	767	3071	3362	809	2866
3583	767	3071	3617	810	2865
3839	767	3071	3872	811	2865
4095	767	3071	4095	805	2841
0	1023	3071	388	1051	2869
255	1023	3071	513	1051	2869
511	1023	3071	683	1051	2869
767	1023	3071	890	1051	2869
1023	1023	3071	1117	1051	2869
1279	1023	3071	1355	1052	2869
1535	1023	3071	1598	1052	2869
1791	1023	3071	1846	1052	2868
2047	1023	3071	2096	1052	2868
2303	1023	3071	2347	1053	2868
2559	1023	3071	2600	1053	2867
2815	1023	3071	2853	1054	2867
3071	1023	3071	3107	1054	2866
3327	1023	3071	3362	1055	2866
3583	1023	3071	3617	1055	2865
3839	1023	3071	3872	1056	2865
4095	1023	3071	4095	1048	2841
0	1279	3071	385	1302	2869
255	1279	3071	511	1302	2869
511	1279	3071	681	1302	2869
767	1279	3071	889	1302	2869
1023	1279	3071	1116	1302	2869
1279	1279	3071	1354	1302	2869
1535	1279	3071	1598	1302	2869
1791	1279	3071	1845	1302	2868
2047	1279	3071	2095	1303	2868
2303	1279	3071	2347	1303	2868
2559	1279	3071	2599	1303	2867
2815	1279	3071	2853	1304	2867
3071	1279	3071	3107	1304	2866
3327	1279	3071	3362	1304	2866
3583	1279	3071	3617	1305	2865
3839	1279	3071	3872	1305	2865
4095	1279	3071	4095	1296	2841
0	1535	3071	381	1554	2869
255	1535	3071	508	1554	2869
511	1535	3071	679	1554	2869
767	1535	3071	887	1554	2869
1023	1535	3071	1115	1554	2869
1279	1535	3071	1353	1555	2869
1535	1535	3071	1597	1555	2869
1791	1535	3071	1844	1555	2868
2047	1535	3071	2094	1555	2868
2303	1535	3071	2346	1555	2868
2559	1535	3071	2599	1555	2867
2815	1535	3071	2852	1556	2867
3071	1535	3071	3107	1556	2866
3327	1535	3071	3361	1556	2866
3583	1535	3071	3616	1557	2865
3839	1535	3071	3872	1557	2864
4095	1535	3071	4095	1546	2841
0	1791	3071	376	1808	2869
255	1791	3071	504	1808	2869
511	1791	3071	676	1808	2869
767	1791	3071	885	1808	2869
1023	1791	3071	1113	1808	2869
1279	1791	3071	1352	1808	2869
1535	1791	3071	1596	1808	2869
1791	1791	3071	1844	1808	2868
2047	1791	3071	2094	1809	2868
2303	1791	3071	2345	1809	2868
2559	1791	3071	2598	1809	2867
2815	1791	3071	2852	1809	2867
3071	1791	3071	3106	1809	2866
3327	1791	3071	3361	1810	2866
3583	1791	3071	3616	1810	2865
3839	1791	3071	3871	1810	2864
4095	1791	3071	4095	1797	2842
0	2047	3071	371	2062	2869
255	2047	3071	500	2062	2869
511	2047	3071	673	2062	2869
767	2047	3071	883	2062	2869
1023	2047	3071	1111	2062	2869
1279	2047	3071	1350	2063	2869
1535	2047	3071	1595	2063	2868
1791	2047	3071	1843	2063	2868
2047	2047	3071	2093	2063	2868
2303	2047	3071	2345	2063	2868
2559	2047	3071	2598	2063	2867
2815	2047	3071	2851	2063	2867
3071	2047	3071	3106	2064	2866
3327	2047	3071	3360	2064	2866
3583	2047	3071	3615	2064	2865
3839	2047	3071	3871	2064	2864
4095	2047	3071	4095	2049	2842
0	2303	3071	364	2317	2869
255	2303	3071	494	2317	2869
511	2303	3071	669	2317	2869
767	2303	3071	880	2317	2869
1023	2303	3071	1109	2317	2869
1279	2303	3071	1348	2317	2869
1535	2303	3071	1593	2317	2868
1791	2303	3071	1841	2318	2868
2047	2303	3071	2092	2318	2868
2303	2303	3071	2344	2318	2867
2559	2303	3071	2597	2318	2867
2815	2303	3071	2851	2318	2867
3071	2303	3071	3105	2318	2866
3327	2303	3071	3360	2319	2866
3583	2303	3071	3615	2319	2865
3839	2303	3071	3870	2319	2864
4095	2303	3071	4095	2302	2842
0	2559	3071	356	2572	2869
255	2559	3071	488	2572	2869
511	2559	3071	664	2572	2869
767	2559	3071	876	2573	2869
1023	2559	3071	1107	2573	2869
1279	2559	3071	1346	2573	2868
1535	2559	3071	1591	2573	2868
1791	2559	3071	1840	2573	2868
2047	2559	3071	2091	2573	2868
2303	2559	3071	2343	2573	2867
2559	2559	3071	2596	2573	2867
2815	2559	3071	2850	2573	2867
3071	2559	3071	3104	2573	2866
3327	2559	3071	3359	2574	2865
3583	2559	3071	3614	2574	2865
3839	2559	3071	3870	2574	2864
4095	2559	3071	4095	2555	2842
0	2815	3071	346	2828	2869
255	2815	3071	481	2828	2869
511	2815	3071	659	2828	2869
767	2815	3071	873	2828	2869
1023	2815	3071	1104	2828	2868
1279	2815	3071	1344	2828	2868
1535	2815	3071	1590	2828	2868
1791	2815	3071	1838	2828	2868
2047	2815	3071	2089	2828	2868
2303	2815	3071	2342	2828	2867
2559	2815	3071	2595	2828	2867
2815	2815	3071	2849	2829	2866
3071	2815	3071	3103	2829	2866
3327	2815	3071	3358	2829	2865
3583	2815	3071	3614	2829	2865
3839	2815	3071	3869	2829	2864
4095	2815	3071	4095	2809	2842
0	3071	3071	335	3084	2869
255	3071	3071	473	3084	2869
511	3071	3071	653	3084	2869
767	3071	3071	868	3084	2868
1023	3071	3071	1100	3084	2868
1279	3071	3071	1341	3084	2868
1535	3071	3071	1587	3084	2868
1791	3071	3071	1837	3084	2868
2047	3071	3071	2088	3084	2867
2303	3071	3071	2340	3084	2867
2559	3071	3071	2594	3084	2867
2815	3071	3071	2848	3084	2866
3071	3071	3071	3103	3084	2866
3327	3071	3071	3358	3084	2865
3583	3071	3071	3613	3085	2865
3839	3071	3071	3869	3085	2864
4095	3071	3071	4095	3063	2843
0	3327	3071	323	3339	2868
255	3327	3071	464	3339	2868
511	3327	3071	647	3339	2868
767	3327	3071	863	3339	2868
1023	3327	3071	1097	3339	2868
1279	3327	3071	1338	3339	2868
1535	3327	3071	1585	3339	2868
1791	3327	3071	1835	3340	2868
2047	3327	3071	2086	3340	2867
2303	3327	3071	2339	3340	2867
2559	3327	3071	2592	3340	2867
2815	3327	3071	2847	3340	2866
3071	3327	3071	3102	3340	2866
3327	3327	3071	3357	3340	2865
3583	3327	3071	3612	3340	2864
3839	3327	3071	3868	3340	2864
4095	3327	3071	4095	3317	2843
0	3583	3071	308	3595	2868
255	3583	3071	454	3595	2868
511	3583	3071	639	3595	2868
767	3583	3071	858	3595	2868
1023	3583	3071	1093	3595	2868
1279	3583	3071	1335	3595	2868
1535	3583	3071	1582	3595	2868
1791	3583	3071	1832	3595	2867
2047	3583	3071	2084	3595	2867
2303	3583	3071	2337	3596	2867
2559	3583	3071	2591	3596	2866
2815	3583	3071	2846	3596	2866
3071	3583	3071	3100	3596	2865
3327	3583	3071	3356	3596	2865
3583	3583	3071	3611	3596	2864
3839	3583	3071	3867	3596	2863
4095	3583	3071	4095	3572	2843
0	3839	3071	292	3851	2868
255	3839	3071	442	3851	2868
511	3839	3071	631	3851	2868
767	3839	3071	852	3851	2868
1023	3839	3071	1088	3851	2868
1279	3839	3071	1332	3851	2868
1535	3839	3071	1580	3851	2867
1791	3839	3071	1830	3851	2867
2047	3839	3071	2082	3851	2867
2303	3839	3071	2335	3851	2867
2559	3839	3071	2590	3852	2866
2815	3839	3071	2844	3852	2866
3071	3839	3071	3099	3852	2865
3327	3839	3071	3355	3852	2865
3583	3839	3071	3610	3852	2864
3839	3839	3071	3866	3852	2863
4095	3839	3071	4095	3827	2844
0	4095	3071	273	4095	2859
255	4095	3071	428	4095	2859
511	4095	3071	620	4095	2859
767	4095	3071	843	4095	2859
1023	4095	3071	1080	4095	2859
1279	4095	3071	1324	4095	2859
1535	4095	3071	1572	4095	2859
1791	4095	3071	1822	4095	2858
2047	4095	3071	2074	4095	2858
2303	4095	3071	2326	4095	2858
2559	4095	3071	2580	4095	2857
2815	4095	3071	2834	4095	2857
3071	4095	3071	3088	4095	2856
3327	4095	3071	3343	4095	2855
3583	4095	3071	3598	4095	2855
3839	4095	3071	3853	4095	2854
4095	4095	3071	4095	4082	2844
0	0	3327	442	164	3110
255	0	3327	555	164	3110
511	0	3327	715	164	3110
767	0	3327	914	164	3110
1023	0	3327	1136	165	3110
1279	0	3327	1370	166	3109
1535	0	3327	1611	167	3109
1791	0	3327	1856	168	3109
2047	0	3327	2104	170	3109
2303	0	3327	2355	171	3108
2559	0	3327	2606	173	3108
2815	0	3327	2859	176	3108
3071	0	3327	3113	178	3107
3327	0	3327	3367	181	3107
3583	0	3327	3621	184	3106
3839	0	3327	3876	187	3105
4095	0	3327	4095	189	3078
0	255	3327	441	360	3110
255	255	3327	555	360	3110
511	255	3327	714	360	3110
767	255	3327	914	360	3110
1023	255	3327	1136	361	3110
1279	255	3327	1370	361	3109
1535	255	3327	1610	362	3109
1791	255	3327	1856	362	3109
2047	255	3327	2104	363	3109
2303	255	3327	2355	364	3108
2559	255	3327	2606	366	3108
2815	255	3327	2859	367	3108
3071	255	3327	3112	368	3107
3327	255	3327	3367	370	3107
3583	255	3327	3621	372	3106
3839	255	3327	3876	374	3105
4095	255	3327	4095	373	3078
0	511	3327	440	575	3110
255	511	3327	554	575	3110
511	511	3327	714	575	3110
767	511	3327	914	575	3110
1023	511	3327	1135	575	3109
1279	511	3327	1369	575	3109
1535	511	3327	1610	576	3109
1791	511	3327	1856	576	3109
2047	511	3327	2104	577	3109
2303	511	3327	2354	578	3108
2559	511	3327	2606	578	3108
2815	511	3327	2859	579	3108
3071	511	3327	3112	580	3107
3327	511	3327	3366	581	3107
3583	511	3327	3621	582	3106
3839	511	3327	3876	584	3105
4095	511	3327	4095	580	3078
0	767	3327	439	811	3110
255	767	3327	553	811	3110
511	767	3327	713	811	3110
767	767	3327	913	811	3110
1023	767	3327	1135	811	3109
1279	767	3327	1369	812	3109
1535	767	3327	1610	812	3109
1791	767	3327	1855	812	3109
2047	767	3327	2104	813	3109
2303	767	3327	2354	813	3108
2559	767	3327	2606	814	3108
2815	767	3327	2859	814	3108
3071	767	3327	3112	815	3107
3327	767	3327	3366	816	3107
3583	767	3327	3621	816	3106
3839	767	3327	3876	817	3105
4095	767	3327	4095	811	3078
0	1023	3327	437	1056	3110
255	1023	3327	551	1056	3110
511	1023	3327	712	1056	3110
767	1023	3327	912	1056	3110
1023	1023	3327	1134	1056	3109
1279	1023	3327	1368	1057	3109
1535	1023	3327	1609	1057	3109
1791	1023	3327	1855	1057	3109
2047	1023	3327	2104	1057	3109
2303	1023	3327	2354	1058	3108
2559	1023	3327	2606	1058	3108
2815	1023	3327	2858	1059	3108
3071	1023	3327	3112	1059	3107
3327	1023	3327	3366	1060	3107
3583	1023	3327	3621	1060	3106
3839	1023	3327	3876	1061	3105
4095	1023	3327	4095	1052	3078
0	1279	3327	434	1306	3110
255	1279	3327	549	1306	3110
511	1279	3327	710	1306	3110
767	1279	3327	911	1306	3110
1023	1279	3327	1133	1306	3109
1279	1279	3327	1367	1306	3109
1535	1279	3327	1609	1306	3109
1791	1279	3327	1855	1306	3109
2047	1279	3327	2103	1307	3109
2303	1279	3327	2354	1307	3108
2559	1279	3327	2605	1307	3108
2815	1279	3327	2858	1308	3108
3071	1279	3327	3112	1308	3107
3327	1279	3327	3366	1308	3107
3583	1279	3327	3620	1309	3106
3839	1279	3327	3875	1309	3105
4095	1279	3327	4095	1299	3078
0	1535	3327	431	1557	3110
255	1535	3327	546	1557	3110
511	1535	3327	708	1558	3110
767	1535	3327	909	1558	3109
1023	1535	3327	1132	1558	3109
1279	1535	3327	1366	1558	3109
1535	1535	3327	1608	1558	3109
1791	1535	3327	1854	1558	3109
2047	1535	3327	2102	1558	3109
2303	1535	3327	2353	1558	3108
2559	1535	3327	2605	1559	3108
2815	1535	3327	2858	1559	3107
3071	1535	3327	3111	1559	3107
3327	1535	3327	3366	1560	3106
3583	1535	3327	3620	1560	3106
3839	1535	3327	3875	1560	3105
4095	1535	3327	4095	1548	3078
0	1791	3327	426	1811	3110
255	1791	3327	543	1811	3110
511	1791	3327	705	1811	3109
767	1791	3327	907	1811	3109
1023	1791	3327	1130	1811	3109
1279	1791	3327	1365	1811	3109
1535	1791	3327	1607	1811	3109
1791	1791	3327	1853	1811	3109
2047	1791	3327	2102	1811	3108
2303	1791	3327	2352	1811	3108
2559	1791	3327	2604	1812	3108
2815	1791	3327	2857	1812	3107
3071	1791	3327	3111	1812	3107
3327	1791	3327	3365	1812	3106
3583	1791	3327	3620	1813	3106
3839	1791	3327	3875	1813	3105
4095	1791	3327	4095	1798	3078
0	2047	3327	421	2065	3109
255	2047	3327	539	2065	3109
511	2047	3327	702	2065	3109
767	2047	3327	905	2065	3109
1023	2047	3327	1128	2065	3109
1279	2047	3327	1364	2065	3109
1535	2047	3327	1606	2065	3109
1791	2047	3327	1852	2065	3109
2047	2047	3327	2101	2065	3108
2303	2047	3327	2352	2065	3108
2559	2047	3327	2604	2065	3108
2815	2047	3327	2857	2066	3107
3071	2047	3327	3110	2066	3107
3327	2047	3327	3365	2066	3106
3583	2047	3327	3619	2066	3106
3839	2047	3327	3874	2067	3105
4095	2047	3327	4095	2050	3078
0	2303	3327	415	2319	3109
255	2303	3327	534	2319	3109
511	2303	3327	698	2319	3109
767	2303	3327	902	2319	3109
1023	2303	3327	1126	2319	3109
1279	2303	3327	1362	2319	3109
1535	2303	3327	1604	2319	3109
1791	2303	3327	1851	2319	3109
2047	2303	3327	2100	2320	3108
2303	2303	3327	2351	2320	3108
2559	2303	3327	2603	2320	3108
2815	2303	3327	2856	2320	3107
3071	2303	3327	3110	2320	3107
3327	2303	3327	3364	2320	3106
3583	2303	3327	3619	2321	3106
3839	2303	3327	3874	2321	3105
4095	2303	3327	4095	2302	3079
0	2559	3327	408	2574	3109
255	2559	3327	528	2574	3109
511	2559	3327	694	2574	3109
767	2559	3327	899	2574	3109
1023	2559	3327	1124	2574	3109
1279	2559	3327	1360	2574	3109
1535	2559	3327	1603	2574	3109
1791	2559	3327	1849	2574	3108
2047	2559	3327	2099	2575	3108
2303	2559	3327	2350	2575	3108
2559	2559	3327	2602	2575	3108
2815	2559	3327	2855	2575	3107
3071	2559	3327	3109	2575	3107
3327	2559	3327	3363	2575	3106
3583	2559	3327	3618	2575	3106
3839	2559	3327	3873	2576	3105
4095	2559	3327	4095	2555	3079
0	2815	3327	399	2829	3109
255	2815	3327	522	2829	3109
511	2815	3327	689	2829	3109
767	2815	3327	895	2829	3109
1023	2815	3327	1121	2829	3109
1279	2815	3327	1358	2830	3109
1535	2815	3327	1601	2830	3109
1791	2815	3327	1848	2830	3108
2047	2815	3327	2097	2830	3108
2303	2815	3327	2349	2830	3108
2559	2815	3327	2601	2830	3107
2815	2815	3327	2854	2830	3107
3071	2815	3327	3108	2830	3107
3327	2815	3327	3363	2830	3106
3583	2815	3327	3618	2831	3105
3839	2815	3327	3873	2831	3105
4095	2815	3327	4095	2808	3079
0	3071	3327	390	3085	3109
255	3071	3327	514	3085	3109
511	3071	3327	684	3085	3109
767	3071	3327	891	3085	3109
1023	3071	3327	1118	3085	3109
1279	3071	3327	1355	3085	3109
1535	3071	3327	1599	3085	3108
1791	3071	3327	1846	3085	3108
2047	3071	3327	2096	3085	3108
2303	3071	3327	2347	3085	3108
2559	3071	3327	2600	3085	3107
2815	3071	3327	2853	3085	3107
3071	3071	3327	3107	3086	3106
3327	3071	3327	3362	3086	3106
3583	3071	3327	3617	3086	3105
3839	3071	3327	3872	3086	3105
4095	3071	3327	4095	3062	3080
0	3327	3327	379	3341	3109
255	3327	3327	506	3341	3109
511	3327	3327	677	3341	3109
767	3327	3327	886	3341	3109
1023	3327	3327	1114	3341	3109
1279	3327	3327	1352	3341	3108
1535	3327	3327	1596	3341	3108
1791	3327	3327	1844	3341	3108
2047	3327	3327	2094	3341	3108
2303	3327	3327	2346	3341	3108
2559	3327	3327	2599	3341	3107
2815	3327	3327	2852	3341	3107
3071	3327	3327	3106	3341	3106
3327	3327	3327	3361	3341	3106
3583	3327	3327	3616	3341	3105
3839	3327	3327	3871	3342	3105
4095	3327	3327	4095	3316	3080
0	3583	3327	366	3596	3109
255	3583	3327	496	3596	3109
511	3583	3327	670	3596	3109
767	3583	3327	881	3596	3109
1023	3583	3327	1110	3596	3108
1279	3583	3327	1349	3596	3108
1535	3583	3327	1594	3596	3108
1791	3583	3327	1842	3596	3108
2047	3583	3327	2092	3597	3108
2303	3583	3327	2344	3597	3107
2559	3583	3327	2597	3597	3107
2815	3583	3327	2851	3597	3107
3071	3583	3327	3105	3597	3106
3327	3583	3327	3360	3597	3106
3583	3583	3327	3615	3597	3105
3839	3583	3327	3870	3597	3104
4095	3583	3327	4095	3570	3080
0	3839	3327	352	3852	3109
255	3839	3327	486	3852	3109
511	3839	3327	663	3852	3108
767	3839	3327	875	3852	3108
1023	3839	3327	1106	3852	3108
1279	3839	3327	1345	3852	3108
1535	3839	3327	1591	3852	3108
1791	3839	3327	1839	3852	3108
2047	3839	3327	2090	3852	3107
2303	3839	3327	2342	3852	3107
2559	3839	3327	2596	3853	3107
2815	3839	3327	2850	3853	3106
3071	3839	3327	3104	3853	3106
3327	3839	3327	3359	3853	3105
3583	3839	3327	3614	3853	3105
3839	3839	3327	3870	3853	3104
4095	3839	3327	4095	3825	3081
0	4095	3327	335	4095	3098
255	4095	3327	473	4095	3098
511	4095	3327	652	4095	3098
767	4095	3327	866	4095	3098
1023	4095	3327	1097	4095	3098
1279	4095	3327	1337	4095	3098
1535	4095	3327	1583	4095	3098
1791	4095	3327	1831	4095	3098
2047	4095	3327	2081	4095	3097
2303	4095	3327	2333	4095	3097
2559	4095	3327	2585	4095	3096
2815	4095	3327	2839	4095	3096
3071	4095	3327	3092	4095	3095
3327	4095	3327	3346	4095	3095
3583	4095	3327	3601	4095	3094
3839	4095	3327	3855	4095	3094
4095	4095	3327	4095	4080	3081
0	0	3583	490	192	3350
255	0	3583	594	192	3350
511	0	3583	745	192	3350
767	0	3583	938	192	3350
1023	0	3583	1154	193	3350
1279	0	3583	1384	194	3350
1535	0	3583	1623	195	3350
1791	0	3583	1866	196	3349
2047	0	3583	2113	197	3349
2303	0	3583	2362	199	3349
2559	0	3583	2613	201	3349
2815	0	3583	2865	203	3348
3071	0	3583	3118	205	3348
3327	0	3583	3371	207	3347
3583	0	3583	3625	210	3347
3839	0	3583	3880	213	3346
4095	0	3583	4095	215	3313
0	255	3583	489	376	3350
255	255	3583	594	376	3350
511	255	3583	745	376	3350
767	255	3583	938	377	3350
1023	255	3583	1154	377	3350
1279	255	3583	1384	377	3350
1535	255	3583	1623	378	3350
1791	255	3583	1866	379	3349
2047	255	3583	2113	380	3349
2303	255	3583	2362	380	3349
2559	255	3583	2613	382	3349
2815	255	3583	2865	383	3348
3071	255	3583	3118	384	3348
3327	255	3583	3371	386	3347
3583	255	3583	3625	388	3347
3839	255	3583	3880	389	3346
4095	255	3583	4095	388	3313
0	511	3583	488	585	3350
255	511	3583	593	585	3350
511	511	3583	744	585	3350
767	511	3583	937	586	3350
1023	511	3583	1154	586	3350
1279	511	3583	1384	586	3350
1535	511	3583	1622	586	3350
1791	511	3583	1866	587	3349
2047	511	3583	2113	587	3349
2303	511	3583	2362	588	3349
2559	511	3583	2613	589	3349
2815	511	3583	2865	590	3348
3071	511	3583	3118	591	3348
3327	511	3583	3371	592	3347
3583	511	3583	3625	593	3347
3839	511	3583	3880	594	3346
4095	511	3583	4095	590	3313
0	767	3583	487	818	3350
255	767	3583	592	818	3350
511	767	3583	744	819	3350
767	767	3583	937	819	3350
1023	767	3583	1153	819	3350
1279	767	3583	1384	819	3350
1535	767	3583	1622	819	3350
1791	767	3583	1866	820	3349
2047	767	3583	2113	820	3349
2303	767	3583	2362	820	3349
2559	767	3583	2613	821	3349
2815	767	3583	2865	822	3348
3071	767	3583	3118	822	3348
3327	767	3583	3371	823	3347
3583	767	3583	3625	824	3347
3839	767	3583	3880	825	3346
4095	767	3583	4095	818	3314
0	1023	3583	485	1062	3350
255	1023	3583	591	1062	3350
511	1023	3583	742	1062	3350
767	1023	3583	936	1062	3350
1023	1023	3583	1153	1062	3350
1279	1023	3583	1383	1062	3350
1535	1023	3583	1622	1062	3350
1791	1023	3583	1865	1063	3349
2047	1023	3583	2112	1063	3349
2303	1023	3583	2361	1063	3349
2559	1023	3583	2612	1064	3348
2815	1023	3583	2864	1064	3348
3071	1023	3583	3117	1065	3348
3327	1023	3583	3371	1065	3347
3583	1023	3583	3625	1066	3347
3839	1023	3583	3880	1066	3346
4095	1023	3583	4095	1057	3314
0	1279	3583	483	1310	3350
255	1279	3583	589	1310	3350
511	1279	3583	741	1310	3350
767	1279	3583	934	1310	3350
1023	1279	3583	1152	1310	3350
1279	1279	3583	1382	1310	3350
1535	1279	3583	1621	1310	3349
1791	1279	3583	1865	1311	3349
2047	1279	3583	2112	1311	3349
2303	1279	3583	2361	1311	3349
2559	1279	3583	2612	1311	3348
2815	1279	3583	2864	1312	3348
3071	1279	3583	3117	1312	3348
3327	1279	3583	3371	1313	3347
3583	1279	3583	3625	1313	3347
3839	1279	3583	3879	1314	3346
4095	1279	3583	4095	1302	3314
0	1535	3583	480	1561	3350
255	1535	3583	586	1561	3350
511	1535	3583	739	1561	3350
767	1535	3583	933	1561	3350
1023	1535	3583	1150	1561	3350
1279	1535	3583	1381	1561	3350
1535	1535	3583	1620	1561	3349
1791	1535	3583	1864	1561	3349
2047	1535	3583	2111	1562	3349
2303	1535	3583	2361	1562	3349
2559	1535	3583	2612	1562	3348
2815	1535	3583	2864	1562	3348
3071	1535	3583	3117	1563	3348
3327	1535	3583	3370	1563	3347
3583	1535	3583	3624	1563	3347
3839	1535	3583	3879	1564	3346
4095	1535	3583	4095	1550	3314
0	1791	3583	476	1813	3350
255	1791	3583	583	1813	3350
511	1791	3583	736	1814	3350
767	1791	3583	931	1814	3350
1023	1791	3583	1149	1814	3350
1279	1791	3583	1380	1814	3350
1535	1791	3583	1619	1814	3349
1791	1791	3583	1863	1814	3349
2047	1791	3583	2110	1814	3349
2303	1791	3583	2360	1814	3349
2559	1791	3583	2611	1814	3348
2815	1791	3583	2863	1815	3348
3071	1791	3583	3116	1815	3348
3327	1791	3583	3370	1815	3347
3583	1791	3583	3624	1816	3347
3839	1791	3583	3879	1816	3346
4095	1791	3583	4095	1799	3314
0	2047	3583	471	2067	3350
255	2047	3583	579	2067	3350
511	2047	3583	733	2067	3350
767	2047	3583	929	2067	3350
1023	2047	3583	1147	2067	3350
1279	2047	3583	1379	2067	3349
1535	2047	3583	1618	2067	3349
1791	2047	3583	1862	2067	3349
2047	2047	3583	2110	2068	3349
2303	2047	3583	2359	2068	3349
2559	2047	3583	2610	2068	3348
2815	2047	3583	2863	2068	3348
3071	2047	3583	3116	2068	3347
3327	2047	3583	3369	2069	3347
3583	2047	3583	3624	2069	3347
3839	2047	3583	3878	2069	3346
4095	2047	3583	4095	2050	3314
0	2303	3583	465	2321	3350
255	2303	3583	575	2321	3350
511	2303	3583	730	2321	3350
767	2303	3583	926	2321	3350
1023	2303	3583	1145	2321	3350
1279	2303	3583	1377	2321	3349
1535	2303	3583	1617	2322	3349
1791	2303	3583	1861	2322	3349
2047	2303	3583	2109	2322	3349
2303	2303	3583	2358	2322	3349
2559	2303	3583	2610	2322	3348
2815	2303	3583	2862	2322	3348
3071	2303	3583	3115	2322	3347
3327	2303	3583	3369	2323	3347
3583	2303	3583	3623	2323	3346
3839	2303	3583	3878	2323	3346
4095	2303	3583	4095	2302	3315
0	2559	3583	459	2576	3350
255	2559	3583	569	2576	3350
511	2559	3583	726	2576	3350
767	2559	3583	923	2576	3350
1023	2559	3583	1142	2576	3349
1279	2559	3583	1375	2576	3349
1535	2559	3583	1615	2576	3349
1791	2559	3583	1860	2576	3349
2047	2559	3583	2107	2576	3349
2303	2559	3583	2357	2576	3348
2559	2559	3583	2609	2577	3348
2815	2559	3583	2861	2577	3348
3071	2559	3583	3114	2577	3347
3327	2559	3583	3368	2577	3347
3583	2559	3583	3623	2577	3346
3839	2559	3583	3877	2578	3346
4095	2559	3583	4095	2554	3315
0	2815	3583	452	2831	3350
255	2815	3583	563	2831	3350
511	2815	3583	721	2831	3350
767	2815	3583	919	2831	3349
1023	2815	3583	1140	2831	3349
1279	2815	3583	1373	2831	3349
1535	2815	3583	1613	2831	3349
1791	2815	3583	1858	2831	3349
2047	2815	3583	2106	2831	3349
2303	2815	3583	2356	2831	3348
2559	2815	3583	2608	2832	3348
2815	2815	3583	2860	2832	3348
3071	2815	3583	3114	2832	3347
3327	2815	3583	3368	2832	3347
3583	2815	3583	3622	2832	3346
3839	2815	3583	3877	2832	3346
4095	2815	3583	4095	2807	3315
0	3071	3583	443	3086	3349
255	3071	3583	556	3086	3349
511	3071	3583	716	3086	3349
767	3071	3583	915	3086	3349
1023	3071	3583	1136	3086	3349
1279	3071	3583	1370	3086	3349
1535	3071	3583	1611	3087	3349
1791	3071	3583	1856	3087	3349
2047	3071	3583	2105	3087	3348
2303	3071	3583	2355	3087	3348
2559	3071	3583	2607	3087	3348
2815	3071	3583	2859	3087	3348
3071	3071	3583	3113	3087	3347
3327	3071	3583	3367	3087	3347
3583	3071	3583	3621	3087	3346
3839	3071	3583	3876	3088	3346
4095	3071	3583	4095	3061	3316
0	3327	3583	433	3342	3349
255	3327	3583	549	3342	3349
511	3327	3583	710	3342	3349
767	3327	3583	910	3342	3349
1023	3327	3583	1133	3342	3349
1279	3327	3583	1367	3342	3349
1535	3327	3583	1609	3342	3349
1791	3327	3583	1854	3342	3349
2047	3327	3583	2103	3342	3348
2303	3327	3583	2353	3342	3348
2559	3327	3583	2605	3342	3348
2815	3327	3583	2858	3342	3347
3071	3327	3583	3112	3343	3347
3327	3327	3583	3366	3343	3346
3583	3327	3583	3620	3343	3346
3839	3327	3583	3875	3343	3345
4095	3327	3583	4095	3314	3316
0	3583	3583	422	3598	3349
255	3583	3583	540	3598	3349
511	3583	3583	703	3598	3349
767	3583	3583	905	3598	3349
1023	3583	3583	1129	3598	3349
1279	3583	3583	1364	3598	3349
1535	3583	3583	1606	3598	3349
1791	3583	3583	1852	3598	3348
2047	3583	3583	2101	3598	3348
2303	3583	3583	2352	3598	3348
2559	3583	3583	2604	3598	3348
2815	3583	3583	2857	3598	3347
3071	3583	3583	3111	3598	3347
3327	3583	3583	3365	3598	3346
3583	3583	3583	3619	3598	3346
3839	3583	3583	3874	3599	3345
4095	3583	3583	4095	3568	3317
0	3839	3583	410	3853	3349
255	3839	3583	530	3853	3349
511	3839	3583	696	3853	3349
767	3839	3583	900	3853	3349
1023	3839	3583	1125	3853	3349
1279	3839	3583	1361	3853	3349
1535	3839	3583	1603	3853	3348
1791	3839	3583	1850	3853	3348
2047	3839	3583	2099	3854	3348
2303	3839	3583	2350	3854	3348
2559	3839	3583	2602	3854	3347
2815	3839	3583	2855	3854	3347
3071	3839	3583	3109	3854	3347
3327	3839	3583	3364	3854	3346
3583	3839	3583	3618	3854	3346
3839	3839	3583	3874	3854	3345
4095	3839	3583	4095	3823	3317
0	4095	3583	395	4095	3337
255	4095	3583	517	4095	3337
511	4095	3583	685	4095	3337
767	4095	3583	890	4095	3337
1023	4095	3583	1116	4095	3337
1279	4095	3583	1352	4095	3337
1535	4095	3583	1595	4095	3337
1791	4095	3583	1841	4095	3336
2047	4095	3583	2089	4095	3336
2303	4095	3583	2340	4095	3336
2559	4095	3583	2591	4095	3335
2815	4095	3583	2844	4095	3335
3071	4095	3583	3097	4095	3335
3327	4095	3583	3350	4095	3334
3583	4095	3583	3604	4095	3333
3839	4095	3583	3858	4095	3333
4095	4095	3583	4095	4077	3318
0	0	3839	538	220	3590
255	0	3839	635	220	3590
511	0	3839	777	220	3590
767	0	3839	963	220	3590
1023	0	3839	1174	221	3590
1279	0	3839	1401	222	3590
1535	0	3839	1636	222	3590
1791	0	3839	1877	223	3590
2047	0	3839	2123	225	3590
2303	0	3839	2371	226	3589
2559	0	3839	2620	228	3589
2815	0	3839	2871	230	3589
3071	0	3839	3124	232	3588
3327	0	3839	3377	234	3588
3583	0	3839	3630	237	3587
3839	0	3839	3884	240	3587
4095	0	3839	4095	240	3548
0	255	3839	537	393	3590
255	255	3839	634	393	3590
511	255	3839	777	394	3590
767	255	3839	963	394	3590
1023	255	3839	1174	394	3590
1279	255	3839	1400	395	3590
1535	255	3839	1636	395	3590
1791	255	3839	1877	396	3590
2047	255	3839	2123	397	3590
2303	255	3839	2370	398	3589
2559	255	3839	2620	399	3589
2815	255	3839	2871	400	3589
3071	255	3839	3124	401	3588
3327	255	3839	3377	403	3588
3583	255	3839	3630	404	3587
3839	255	3839	3884	406	3587
4095	255	3839	4095	404	3548
0	511	3839	537	597	3590
255	511	3839	634	597	3590
511	511	3839	777	597	3590
767	511	3839	962	597	3590
1023	511	3839	1174	597	3590
1279	511	3839	1400	598	3590
1535	511	3839	1636	598	3590
1791	511	3839	1877	598	3590
2047	511	3839	2122	599	3590
2303	511	3839	2370	600	3589
2559	511	3839	2620	600	3589
2815	511	3839	2871	601	3589
3071	511	3839	3123	602	3588
3327	511	3839	3376	603	3588
3583	511	3839	3630	604	3587
3839	511	3839	3884	605	3587
4095	511	3839	4095	600	3548
0	767	3839	535	827	3590
255	767	3839	633	827	3590
511	767	3839	776	827	3590
767	767	3839	962	827	3590
1023	767	3839	1173	827	3590
1279	767	3839	1400	827	3590
1535	767	3839	1635	827	3590
1791	767	3839	1877	828	3590
2047	767	3839	2122	828	3590
2303	767	3839	2370	828	3589
2559	767	3839	2620	829	3589
2815	767	3839	2871	830	3589
3071	767	3839	3123	830	3588
3327	767	3839	3376	831	3588
3583	767	3839	3630	832	3587
3839	767	3839	3884	833	3587
4095	767	3839	4095	825	3549
0	1023	3839	534	1068	3590
255	1023	3839	631	1068	3590
511	1023	3839	775	1068	3590
767	1023	3839	961	1068	3590
1023	1023	3839	1172	1068	3590
1279	1023	3839	1399	1068	3590
1535	1023	3839	1635	1068	3590
1791	1023	3839	1876	1069	3590
2047	1023	3839	2122	1069	3590
2303	1023	3839	2370	1069	3589
2559	1023	3839	2620	1070	3589
2815	1023	3839	2871	1070	3589
3071	1023	3839	3123	1071	3588
3327	1023	3839	3376	1071	3588
3583	1023	3839	3630	1072	3587
3839	1023	3839	3884	1072	3587
4095	1023	3839	4095	1062	3549
0	1279	3839	531	1315	3590
255	1279	3839	629	1315	3590
511	1279	3839	773	1315	3590
767	1279	3839	960	1315	3590
1023	1279	3839	1172	1315	3590
1279	1279	3839	1398	1315	3590
1535	1279	3839	1634	1315	3590
1791	1279	3839	1876	1315	3590
2047	1279	3839	2121	1316	3589
2303	1279	3839	2369	1316	3589
2559	1279	3839	2619	1316	3589
2815	1279	3839	2871	1317	3589
3071	1279	3839	3123	1317	3588
3327	1279	3839	3376	1317	3588
3583	1279	3839	3630	1318	3587
3839	1279	3839	3884	1318	3587
4095	1279	3839	4095	1305	3549
0	1535	3839	529	1565	3590
255	1535	3839	627	1565	3590
511	1535	3839	771	1565	3590
767	1535	3839	958	1565	3590
1023	1535	3839	1170	1565	3590
1279	1535	3839	1397	1565	3590
1535	1535	3839	1633	1565	3590
1791	1535	3839	1875	1565	3590
2047	1535	3839	2121	1565	3589
2303	1535	3839	2369	1566	3589
2559	1535	3839	2619	1566	3589
2815	1535	3839	2870	1566	3589
3071	1535	3839	3122	1567	3588
3327	1535	3839	3376	1567	3588
3583	1535	3839	3629	1567	3587
3839	1535	3839	3883	1568	3587
4095	1535	3839	4095	1552	3549
0	1791	3839	525	1817	3590
255	1791	3839	624	1817	3590
511	1791	3839	769	1817	3590
767	1791	3839	956	1817	3590
1023	1791	3839	1169	1817	3590
1279	1791	3839	1396	1817	3590
1535	1791	3839	1632	1817	3590
1791	1791	3839	1874	1817	3590
2047	1791	3839	2120	1817	3589
2303	1791	3839	2368	1817	3589
2559	1791	3839	2618	1818	3589
2815	1791	3839	2870	1818	3589
3071	1791	3839	3122	1818	3588
3327	1791	3839	3375	1818	3588
3583	1791	3839	3629	1819	3587
3839	1791	3839	3883	1819	3587
4095	1791	3839	4095	1801	3549
0	2047	3839	521	2070	3590
255	2047	3839	620	2070	3590
511	2047	3839	766	2070	3590
767	2047	3839	954	2070	3590
1023	2047	3839	1167	2070	3590
1279	2047	3839	1395	2070	3590
1535	2047	3839	1631	2070	3590
1791	2047	3839	1873	2070	3590
2047	2047	3839	2119	2070	3589
2303	2047	3839	2368	2070	3589
2559	2047	3839	2618	2071	3589
2815	2047	3839	2869	2071	3588
3071	2047	3839	3122	2071	3588
3327	2047	3839	3375	2071	3588
3583	2047	3839	3628	2072	3587
3839	2047	3839	3883	2072	3587
4095	2047	3839	4095	2051	3549
0	2303	3839	516	2324	3590
255	2303	3839	616	2324	3590
511	2303	3839	762	2324	3590
767	2303	3839	951	2324	3590
1023	2303	3839	1165	2324	3590
1279	2303	3839	1393	2324	3590
1535	2303	3839	1630	2324	3590
1791	2303	3839	1872	2324	3589
2047	2303	3839	2118	2324	3589
2303	2303	3839	2367	2324	3589
2559	2303	3839	2617	2324	3589
2815	2303	3839	2868	2324	3588
3071	2303	3839	3121	2325	3588
3327	2303	3839	3374	2325	3588
3583	2303	3839	3628	2325	3587
3839	2303	3839	3882	2325	3587
4095	2303	3839	4095	2302	3550
0	2559	3839	510	2578	3590
255	2559	3839	611	2578	3590
511	2559	3839	759	2578	3590
767	2559	3839	948	2578	3590
1023	2559	3839	1162	2578	3590
1279	2559	3839	1391	2578	3590
1535	2559	3839	1628	2578	3590
1791	2559	3839	1871	2578	3589
2047	2559	3839	2117	2578	3589
2303	2559	3839	2366	2579	3589
2559	2559	3839	2616	2579	3589
2815	2559	3839	2868	2579	3588
3071	2559	3839	3120	2579	3588
3327	2559	3839	3373	2579	3587
3583	2559	3839	3627	2579	3587
3839	2559	3839	3882	2580	3586
4095	2559	3839	4095	2554	3550
0	2815	3839	503	2833	3590
255	2815	3839	606	2833	3590
511	2815	3839	754	2833	3590
767	2815	3839	945	2833	3590
1023	2815	3839	1160	2833	3590
1279	2815	3839	1389	2833	3590
1535	2815	3839	1626	2833	3589
1791	2815	3839	1869	2833	3589
2047	2815	3839	2116	2833	3589
2303	2815	3839	2364	2833	3589
2559	2815	3839	2615	2833	3589
2815	2815	3839	2867	2834	3588
3071	2815	3839	3119	2834	3588
3327	2815	3839	3373	2834	3587
3583	2815	3839	3627	2834	3587
3839	2815	3839	3881	2834	3586
4095	2815	3839	4095	2806	3550
0	3071	3839	495	3088	3590
255	3071	3839	599	3088	3590
511	3071	3839	749	3088	3590
767	3071	3839	941	3088	3590
1023	3071	3839	1157	3088	3590
1279	3071	3839	1386	3088	3590
1535	3071	3839	1624	3088	3589
1791	3071	3839	1868	3088	3589
2047	3071	3839	2114	3088	3589
2303	3071	3839	2363	3088	3589
2559	3071	3839	2614	3088	3588
2815	3071	3839	2866	3089	3588
3071	3071	3839	3118	3089	3588
3327	3071	3839	3372	3089	3587
3583	3071	3839	3626	3089	3587
3839	3071	3839	3880	3089	3586
4095	3071	3839	4095	3059	3551
0	3327	3839	487	3343	3590
255	3327	3839	592	3343	3590
511	3327	3839	743	3343	3590
767	3327	3839	936	3343	3590
1023	3327	3839	1153	3343	3590
1279	3327	3839	1384	3343	3589
1535	3327	3839	1622	3343	3589
1791	3327	3839	1866	3344	3589
2047	3327	3839	2113	3344	3589
2303	3327	3839	2362	3344	3589
2559	3327	3839	2613	3344	3588
2815	3327	3839	2865	3344	3588
3071	3327	3839	3117	3344	3588
3327	3327	3839	3371	3344	3587
3583	3327	3839	3625	3344	3587
3839	3327	3839	3880	3344	3586
4095	3327	3839	4095	3313	3551
0	3583	3839	477	3599	3590
255	3583	3839	584	3599	3590
511	3583	3839	737	3599	3590
767	3583	3839	931	3599	3589
1023	3583	3839	1149	3599	3589
1279	3583	3839	1380	3599	3589
1535	3583	3839	1619	3599	3589
1791	3583	3839	1863	3599	3589
2047	3583	3839	2111	3599	3589
2303	3583	3839	2360	3599	3588
2559	3583	3839	2611	3599	3588
2815	3583	3839	2863	3599	3588
3071	3583	3839	3116	3599	3587
3327	3583	3839	3370	3600	3587
3583	3583	3839	3624	3600	3587
3839	3583	3839	3879	3600	3586
4095	3583	3839	4095	3566	3552
0	3839	3839	466	3854	3589
255	3839	3839	575	3854	3589
511	3839	3839	730	3854	3589
767	3839	3839	926	3855	3589
1023	3839	3839	1145	3855	3589
1279	3839	3839	1377	3855	3589
1535	3839	3839	1617	3855	3589
1791	3839	3839	1861	3855	3589
2047	3839	3839	2109	3855	3589
2303	3839	3839	2358	3855	3588
2559	3839	3839	2610	3855	3588
2815	3839	3839	2862	3855	3588
3071	3839	3839	3115	3855	3587
3327	3839	3839	3369	3855	3587
3583	3839	3839	3623	3855	3586
3839	3839	3839	3878	3855	3586
4095	3839	3839	4095	3820	3552
0	4095	3839	452	4095	3576
255	4095	3839	563	4095	3576
511	4095	3839	719	4095	3576
767	4095	3839	917	4095	3576
1023	4095	3839	1136	4095	3576
1279	4095	3839	1368	4095	3576
1535	4095	3839	1608	4095	3575
1791	4095	3839	1852	4095	3575
2047	4095	3839	2099	4095	3575
2303	4095	3839	2348	4095	3575
2559	4095	3839	2598	4095	3574
2815	4095	3839	2850	4095	3574
3071	4095	3839	3102	4095	3573
3327	4095	3839	3355	4095	3573
3583	4095	3839	3608	4095	3572
3839	4095	3839	3862	4095	3572
4095	4095	3839	4095	4074	3553
0	0	4095	586	248	3831
255	0	4095	676	248	3831
511	0	4095	811	248	3831
767	0	4095	989	248	3831
1023	0	4095	1195	249	3831
1279	0	4095	1418	249	3831
1535	0	4095	1650	250	3830
1791	0	4095	1889	251	3830
2047	0	4095	2133	252	3830
2303	0	4095	2380	254	3830
2559	0	4095	2628	255	3829
2815	0	4095	2878	257	3829
3071	0	4095	3130	259	3829
3327	0	4095	3382	261	3828
3583	0	4095	3635	263	3828
3839	0	4095	3889	266	3828
4095	0	4095	4095	266	3783
0	255	4095	585	411	3831
255	255	4095	675	412	3831
511	255	4095	810	412	3831
767	255	4095	989	412	3831
1023	255	4095	1195	412	3831
1279	255	4095	1418	413	3830
1535	255	4095	1650	413	3830
1791	255	4095	1889	414	3830
2047	255	4095	2133	415	3830
2303	255	4095	2379	415	3830
2559	255	4095	2628	416	3829
2815	255	4095	2878	418	3829
3071	255	4095	3130	419	3829
3327	255	4095	3382	420	3828
3583	255	4095	3635	422	3828
3839	255	4095	3889	424	3828
4095	255	4095	4095	421	3783
0	511	4095	585	609	3831
255	511	4095	675	609	3831
511	511	4095	810	609	3831
767	511	4095	989	609	3831
1023	511	4095	1195	610	3831
1279	511	4095	1417	610	3830
1535	511	4095	1650	610	3830
1791	511	4095	1889	611	3830
2047	511	4095	2133	611	3830
2303	511	4095	2379	612	3830
2559	511	4095	2628	612	3829
2815	511	4095	2878	613	3829
3071	511	4095	3130	614	3829
3327	511	4095	3382	615	3828
3583	511	4095	3635	616	3828
3839	511	4095	3889	617	3828
4095	511	4095	4095	612	3783
0	767	4095	584	835	3831
255	767	4095	674	835	3831
511	767	4095	809	835	3831
767	767	4095	988	835	3831
1023	767	4095	1194	836	3831
1279	767	4095	1417	836	3830
1535	767	4095	1650	836	3830
1791	767	4095	1889	836	3830
2047	767	4095	2133	837	3830
2303	767	4095	2379	837	3830
2559	767	4095	2628	838	3829
2815	767	4095	2878	838	3829
3071	767	4095	3130	839	3829
3327	767	4095	3382	840	3828
3583	767	4095	3635	840	3828
3839	767	4095	3889	841	3828
4095	767	4095	4095	833	3783
0	1023	4095	582	1074	3831
255	1023	4095	672	1074	3831
511	1023	4095	808	1074	3831
767	1023	4095	987	1074	3831
1023	1023	4095	1194	1075	3831
1279	1023	4095	1416	1075	3830
1535	1023	4095	1649	1075	3830
1791	1023	4095	1889	1075	3830
2047	1023	4095	2132	1075	3830
2303	1023	4095	2379	1076	3830
2559	1023	4095	2628	1076	3829
2815	1023	4095	2878	1077	3829
3071	1023	4095	3129	1077	3829
3327	1023	4095	3382	1078	3828
3583	1023	4095	3635	1078	3828
3839	1023	4095	3889	1079	3827
4095	1023	4095	4095	1067	3783
0	1279	4095	580	1320	3831
255	1279	4095	671	1320	3831
511	1279	4095	807	1320	3831
767	1279	4095	986	1320	3831
1023	1279	4095	1193	1320	3831
1279	1279	4095	1416	1320	3830
1535	1279	4095	1649	1320	3830
1791	1279	4095	1888	1321	3830
2047	1279	4095	2132	1321	3830
2303	1279	4095	2378	1321	3830
2559	1279	4095	2627	1321	3829
2815	1279	4095	2878	1322	3829
3071	1279	4095	3129	1322	3829
3327	1279	4095	3382	1322	3828
3583	1279	4095	3635	1323	3828
3839	1279	4095	3888	1323	3827
4095	1279	4095	4095	1309	3783
0	1535	4095	577	1569	3831
255	1535	4095	668	1569	3831
511	1535	4095	805	1569	3831
767	1535	4095	985	1569	3831
1023	1535	4095	1192	1569	3830
1279	1535	4095	1415	1569	3830
1535	1535	4095	1648	1569	3830
1791	1535	4095	1887	1569	3830
2047	1535	4095	2131	1570	3830
2303	1535	4095	2378	1570	3830
2559	1535	4095	2627	1570	3829
2815	1535	4095	2877	1570	3829
3071	1535	4095	3129	1571	3829
3327	1535	4095	3381	1571	3828
3583	1535	4095	3634	1571	3828
3839	1535	4095	3888	1572	3827
4095	1535	4095	4095	1554	3783
0	1791	4095	574	1820	3831
255	1791	4095	666	1820	3831
511	1791	4095	803	1820	3831
767	1791	4095	983	1820	3831
1023	1791	4095	1190	1820	3830
1279	1791	4095	1414	1820	3830
1535	1791	4095	1647	1820	3830
1791	1791	4095	1886	1821	3830
2047	1791	4095	2130	1821	3830
2303	1791	4095	2377	1821	3830
2559	1791	4095	2626	1821	3829
2815	1791	4095	2877	1821	3829
3071	1791	4095	3128	1822	3829
3327	1791	4095	3381	1822	3828
3583	1791	4095	3634	1822	3828
3839	1791	4095	3888	1823	3827
4095	1791	4095	4095	1802	3783
0	2047	4095	570	2073	3831
255	2047	4095	662	2073	3831
511	2047	4095	800	2073	3831
767	2047	4095	981	2073	3830
1023	2047	4095	1188	2073	3830
1279	2047	4095	1412	2073	3830
1535	2047	4095	1646	2073	3830
1791	2047	4095	1885	2073	3830
2047	2047	4095	2130	2073	3830
2303	2047	4095	2377	2073	3830
2559	2047	4095	2626	2074	3829
2815	2047	4095	2876	2074	3829
3071	2047	4095	3128	2074	3829
3327	2047	4095	3380	2074	3828
3583	2047	4095	3634	2074	3828
3839	2047	4095	3887	2075	3827
4095	2047	4095	4095	2052	3784
0	2303	4095	566	2326	3831
255	2303	4095	658	2326	3830
511	2303	4095	797	2326	3830
767	2303	4095	978	2326	3830
1023	2303	4095	1186	2326	3830
1279	2303	4095	1410	2326	3830
1535	2303	4095	1644	2326	3830
1791	2303	4095	1884	2326	3830
2047	2303	4095	2129	2327	3830
2303	2303	4095	2376	2327	3829
2559	2303	4095	2625	2327	3829
2815	2303	4095	2875	2327	3829
3071	2303	4095	3127	2327	3829
3327	2303	4095	3380	2327	3828
3583	2303	4095	3633	2328	3828
3839	2303	4095	3887	2328	3827
4095	2303	4095	4095	2302	3784
0	2559	4095	560	2580	3830
255	2559	4095	654	2580	3830
511	2559	4095	793	2580	3830
767	2559	4095	975	2580	3830
1023	2559	4095	1184	2580	3830
1279	2559	4095	1408	2580	3830
1535	2559	4095	1643	2580	3830
1791	2559	4095	1883	2581	3830
2047	2559	4095	2127	2581	3830
2303	2559	4095	2375	2581	3829
2559	2559	4095	2624	2581	3829
2815	2559	4095	2875	2581	3829
3071	2559	4095	3127	2581	3828
3327	2559	4095	3379	2581	3828
3583	2559	4095	3633	2582	3828
3839	2559	4095	3886	2582	3827
4095	2559	4095	4095	2554	3784
0	2815	4095	554	2835	3830
255	2815	4095	648	2835	3830
511	2815	4095	789	2835	3830
767	2815	4095	972	2835	3830
1023	2815	4095	1181	2835	3830
1279	2815	4095	1406	2835	3830
1535	2815	4095	1641	2835	3830
1791	2815	4095	1881	2835	3830
2047	2815	4095	2126	2835	3830
2303	2815	4095	2374	2835	3829
2559	2815	4095	2623	2835	3829
2815	2815	4095	2874	2835	3829
3071	2815	4095	3126	2836	3828
3327	2815	4095	3378	2836	3828
3583	2815	4095	3632	2836	3828
3839	2815	4095	3886	2836	3827
4095	2815	4095	4095	2805	3785
0	3071	4095	547	3090	3830
255	3071	4095	643	3090	3830
511	3071	4095	784	3090	3830
767	3071	4095	968	3090	3830
1023	3071	4095	1178	3090	3830
1279	3071	4095	1404	3090	3830
1535	3071	4095	1639	3090	3830
1791	3071	4095	1880	3090	3830
2047	3071	4095	2125	3090	3829
2303	3071	4095	2372	3090	3829
2559	3071	4095	2622	3090	3829
2815	3071	4095	2873	3090	3829
3071	3071	4095	3125	3090	3828
3327	3071	4095	3378	3091	3828
3583	3071	4095	3631	3091	3827
3839	3071	4095	3885	3091	3827
4095	3071	4095	4095	3058	3785
0	3327	4095	539	3345	3830
255	3327	4095	636	3345	3830
511	3327	4095	778	3345	3830
767	3327	4095	964	3345	3830
1023	3327	4095	1175	3345	3830
1279	3327	4095	1401	3345	3830
1535	3327	4095	1636	3345	3830
1791	3327	4095	1878	3345	3830
2047	3327	4095	2123	3345	3829
2303	3327	4095	2371	3345	3829
2559	3327	4095	2621	3345	3829
2815	3327	4095	2872	3345	3829
3071	3327	4095	3124	3346	3828
3327	3327	4095	3377	3346	3828
3583	3327	4095	3630	3346	3827
3839	3327	4095	3884	3346	3827
4095	3327	4095	4095	3311	3786
0	3583	4095	530	3600	3830
255	3583	4095	628	3600	3830
511	3583	4095	772	3600	3830
767	3583	4095	959	3600	3830
1023	3583	4095	1171	3600	3830
1279	3583	4095	1398	3600	3830
1535	3583	4095	1634	3600	3830
1791	3583	4095	1876	3600	3829
2047	3583	4095	2121	3601	3829
2303	3583	4095	2369	3601	3829
2559	3583	4095	2619	3601	3829
2815	3583	4095	2870	3601	3828
3071	3583	4095	3123	3601	3828
3327	3583	4095	3376	3601	3828
3583	3583	4095	3629	3601	3827
3839	3583	4095	3884	3601	3827
4095	3583	4095	4095	3564	3786
0	3839	4095	520	3856	3830
255	3839	4095	620	3856	3830
511	3839	4095	766	3856	3830
767	3839	4095	954	3856	3830
1023	3839	4095	1167	3856	3830
1279	3839	4095	1395	3856	3830
1535	3839	4095	1631	3856	3829
1791	3839	4095	1873	3856	3829
2047	3839	4095	2119	3856	3829
2303	3839	4095	2367	3856	3829
2559	3839	4095	2618	3856	3829
2815	3839	4095	2869	3856	3828
3071	3839	4095	3121	3856	3828
3327	3839	4095	3375	3856	3828
3583	3839	4095	3628	3857	3827
3839	3839	4095	3883	3857	3827
4095	3839	4095	4095	3817	3787
0	4095	4095	507	4095	3814
255	4095	4095	608	4095	3814
511	4095	4095	755	4095	3814
767	4095	4095	944	4095	3814
1023	4095	4095	1158	4095	3814
1279	4095	4095	1385	4095	3814
1535	4095	4095	1622	4095	3814
1791	4095	4095	1863	4095	3814
2047	4095	4095	2108	4095	3813
2303	4095	4095	2356	4095	3813
2559	4095	4095	2605	4095	3813
2815	4095	4095	2856	4095	3812
3071	4095	4095	3107	4095	3812
3327	4095	4095	3359	4095	3811
3583	4095	4095	3612	4095	3811
3839	4095	4095	3865	4095	3810
4095	4095	4095	4095	4071	3788
