0	0	0	0	0	0
255	0	0	219	9	4
511	0	0	456	26	10
767	0	0	693	52	20
1023	0	0	930	91	35
1279	0	0	1167	142	55
1535	0	0	1403	204	80
1791	0	0	1640	267	111
2047	0	0	1877	329	148
2303	0	0	2114	392	190
2559	0	0	2351	454	232
2815	0	0	2588	517	274
3071	0	0	2825	579	316
3327	0	0	3062	642	358
3583	0	0	3298	704	400
3839	0	0	3535	767	442
4095	0	0	3772	829	484
0	255	0	48	249	17
255	255	0	256	256	20
511	255	0	477	268	27
767	255	0	707	286	37
1023	255	0	940	312	52
1279	255	0	1175	343	72
1535	255	0	1410	379	97
1791	255	0	1646	420	128
2047	255	0	1882	464	165
2303	255	0	2118	512	205
2559	255	0	2354	562	245
2815	255	0	2591	613	285
3071	255	0	2827	667	326
3327	255	0	3064	721	367
3583	255	0	3301	777	408
3839	255	0	3537	834	450
4095	255	0	3774	891	491
0	511	0	134	502	46
255	511	0	314	506	50
511	511	0	513	513	56
767	511	0	732	523	67
1023	511	0	958	538	82
1279	511	0	1189	558	101
1535	511	0	1421	582	127
1791	511	0	1655	609	158
2047	511	0	1890	641	193
2303	511	0	2125	676	229
2559	511	0	2360	714	267
2815	511	0	2596	755	305
3071	511	0	2832	799	344
3327	511	0	3068	844	383
3583	511	0	3305	892	423
3839	511	0	3541	941	463
4095	511	0	3777	991	503
0	767	0	257	755	95
255	767	0	394	758	99
511	767	0	567	762	105
767	767	0	770	769	115
1023	767	0	987	779	130
1279	767	0	1211	793	150
1535	767	0	1439	809	175
1791	767	0	1670	829	203
2047	767	0	1903	852	233
2303	767	0	2136	878	266
2559	767	0	2370	908	300
2815	767	0	2605	939	335
3071	767	0	2840	974	371
3327	767	0	3075	1011	408
3583	767	0	3311	1050	446
3839	767	0	3547	1091	484
4095	767	0	3783	1134	523
0	1023	0	381	1008	165
255	1023	0	488	1010	168
511	1023	0	636	1013	175
767	1023	0	821	1018	184
1023	1023	0	1026	1026	198
1279	1023	0	1243	1036	215
1535	1023	0	1465	1048	235
1791	1023	0	1692	1063	258
2047	1023	0	1921	1080	284
2303	1023	0	2152	1101	313
2559	1023	0	2384	1123	343
2815	1023	0	2617	1148	374
3071	1023	0	2851	1176	408
3327	1023	0	3085	1206	442
3583	1023	0	3320	1238	477
3839	1023	0	3555	1272	513
4095	1023	0	3790	1308	550
0	1279	0	505	1261	245
255	1279	0	591	1262	248
511	1279	0	718	1265	252
767	1279	0	885	1269	260
1023	1279	0	1077	1275	271
1279	1279	0	1283	1282	284
1535	1279	0	1499	1292	301
1791	1279	0	1720	1304	321
2047	1279	0	1945	1317	343
2303	1279	0	2173	1333	367
2559	1279	0	2402	1352	394
2815	1279	0	2633	1372	422
3071	1279	0	2866	1394	452
3327	1279	0	3098	1419	483
3583	1279	0	3332	1445	516
3839	1279	0	3566	1474	550
4095	1279	0	3800	1504	584
0	1535	0	630	1514	325
255	1535	0	700	1515	327
511	1535	0	809	1517	331
767	1535	0	959	1520	337
1023	1535	0	1137	1525	346
1279	1535	0	1333	1531	357
1535	1535	0	1540	1539	371
1791	1535	0	1755	1548	388
2047	1535	0	1975	1560	407
2303	1535	0	2199	1573	428
2559	1535	0	2426	1588	451
2815	1535	0	2654	1604	476
3071	1535	0	2884	1623	503
3327	1535	0	3115	1643	532
3583	1535	0	3347	1665	561
3839	1535	0	3580	1689	593
4095	1535	0	3813	1715	625
0	1791	0	754	1767	405
255	1791	0	813	1768	407
511	1791	0	908	1769	410
767	1791	0	1042	1772	415
1023	1791	0	1206	1776	422
1279	1791	0	1390	1781	432
1535	1791	0	1589	1787	444
1791	1791	0	1797	1795	458
2047	1791	0	2011	1805	474
2303	1791	0	2231	1816	493
2559	1791	0	2453	1828	513
2815	1791	0	2679	1842	536
3071	1791	0	2906	1858	560
3327	1791	0	3135	1875	585
3583	1791	0	3366	1894	613
3839	1791	0	3597	1915	641
4095	1791	0	3829	1937	671
0	2047	0	878	2020	485
255	2047	0	929	2020	487
511	2047	0	1011	2022	489
767	2047	0	1132	2024	494
1023	2047	0	1283	2027	500
1279	2047	0	1456	2032	508
1535	2047	0	1645	2037	518
1791	2047	0	1845	2044	530
2047	2047	0	2053	2052	545
2303	2047	0	2268	2061	561
2559	2047	0	2486	2072	579
2815	2047	0	2708	2084	599
3071	2047	0	2933	2097	621
3327	2047	0	3159	2112	644
3583	2047	0	3387	2129	669
3839	2047	0	3617	2146	695
4095	2047	0	3847	2165	722
0	2303	0	1003	2273	565
255	2303	0	1046	2273	566
511	2303	0	1119	2274	569
767	2303	0	1228	2276	572
1023	2303	0	1366	2279	578
1279	2303	0	1528	2283	585
1535	2303	0	1707	2288	594
1791	2303	0	1900	2294	604
2047	2303	0	2101	2300	617
2303	2303	0	2310	2308	631
2559	2303	0	2524	2318	647
2815	2303	0	2742	2328	665
3071	2303	0	2963	2340	685
3327	2303	0	3187	2353	706
3583	2303	0	3413	2367	728
3839	2303	0	3640	2383	752
4095	2303	0	3869	2399	778
0	2559	0	1127	2525	645
255	2559	0	1165	2526	646
511	2559	0	1230	2527	648
767	2559	0	1328	2529	651
1023	2559	0	1455	2531	656
1279	2559	0	1607	2535	662
1535	2559	0	1776	2539	670
1791	2559	0	1960	2544	680
2047	2559	0	2155	2550	691
2303	2559	0	2358	2557	704
2559	2559	0	2567	2565	718
2815	2559	0	2781	2574	734
3071	2559	0	2998	2585	752
3327	2559	0	3219	2596	771
3583	2559	0	3442	2608	791
3839	2559	0	3667	2622	813
4095	2559	0	3893	2637	837
0	2815	0	1251	2778	725
255	2815	0	1285	2779	726
511	2815	0	1344	2780	728
767	2815	0	1432	2781	731
1023	2815	0	1549	2784	735
1279	2815	0	1690	2786	740
1535	2815	0	1851	2790	747
1791	2815	0	2026	2795	756
2047	2815	0	2214	2800	766
2303	2815	0	2410	2806	777
2559	2815	0	2614	2813	790
2815	2815	0	2823	2822	805
3071	2815	0	3037	2831	821
3327	2815	0	3254	2841	838
3583	2815	0	3474	2852	857
3839	2815	0	3697	2864	877
4095	2815	0	3921	2878	899
0	3071	0	1376	3031	805
255	3071	0	1406	3032	806
511	3071	0	1459	3033	808
767	3071	0	1540	3034	810
1023	3071	0	1647	3036	814
1279	3071	0	1779	3038	819
1535	3071	0	1930	3042	825
1791	3071	0	2098	3046	833
2047	3071	0	2278	3051	842
2303	3071	0	2468	3056	852
2559	3071	0	2666	3063	864
2815	3071	0	2871	3070	877
3071	3071	0	3080	3078	891
3327	3071	0	3294	3087	907
3583	3071	0	3511	3097	925
3839	3071	0	3730	3108	943
4095	3071	0	3952	3120	963
0	3327	0	1500	3284	885
255	3327	0	1528	3285	886
511	3327	0	1575	3285	887
767	3327	0	1649	3287	890
1023	3327	0	1749	3288	893
1279	3327	0	1872	3291	898
1535	3327	0	2015	3294	903
1791	3327	0	2174	3297	910
2047	3327	0	2347	3302	918
2303	3327	0	2530	3307	928
2559	3327	0	2723	3312	938
2815	3327	0	2922	3319	950
3071	3327	0	3127	3326	964
3327	3327	0	3337	3335	978
3583	3327	0	3550	3344	994
3839	3327	0	3767	3354	1011
4095	3327	0	3986	3364	1029
0	3583	0	1625	3537	965
255	3583	0	1649	3538	966
511	3583	0	1693	3538	967
767	3583	0	1761	3539	969
1023	3583	0	1853	3541	972
1279	3583	0	1968	3543	976
1535	3583	0	2103	3546	982
1791	3583	0	2254	3549	988
2047	3583	0	2420	3553	995
2303	3583	0	2597	3558	1004
2559	3583	0	2784	3563	1014
2815	3583	0	2978	3569	1025
3071	3583	0	3178	3576	1037
3327	3583	0	3384	3583	1050
3583	3583	0	3594	3591	1065
3839	3583	0	3807	3600	1081
4095	3583	0	4023	3610	1098
0	3839	0	1749	3790	1045
255	3839	0	1772	3790	1046
511	3839	0	1811	3791	1047
767	3839	0	1874	3792	1049
1023	3839	0	1960	3793	1052
1279	3839	0	2068	3795	1055
1535	3839	0	2195	3798	1060
1791	3839	0	2339	3801	1066
2047	3839	0	2497	3804	1073
2303	3839	0	2668	3809	1081
2559	3839	0	2849	3813	1090
2815	3839	0	3037	3819	1100
3071	3839	0	3233	3825	1111
3327	3839	0	3434	3832	1123
3583	3839	0	3640	3840	1137
3839	3839	0	3850	3848	1152
4095	3839	0	4064	3857	1167
0	4095	0	1873	4043	1125
255	4095	0	1894	4043	1126
511	4095	0	1931	4044	1127
767	4095	0	1989	4045	1129
1023	4095	0	2069	4046	1131
1279	4095	0	2170	4048	1135
1535	4095	0	2290	4050	1139
1791	4095	0	2427	4053	1144
2047	4095	0	2579	4056	1150
2303	4095	0	2743	4060	1158
2559	4095	0	2917	4064	1166
2815	4095	0	3101	4070	1175
3071	4095	0	3292	4075	1186
3327	4095	0	3489	4081	1197
3583	4095	0	3691	4088	1210
3839	4095	0	3896	4095	1223
4095	4095	0	4095	4092	1235
0	0	255	4	1	208
255	0	255	223	10	211
511	0	255	458	27	217
767	0	255	694	54	225
1023	0	255	931	92	237
1279	0	255	1167	144	252
1535	0	255	1404	205	270
1791	0	255	1641	268	291
2047	0	255	1878	330	315
2303	0	255	2114	392	341
2559	0	255	2351	455	370
2815	0	255	2588	517	399
3071	0	255	2825	580	431
3327	0	255	3062	642	464
3583	0	255	3299	704	497
3839	0	255	3536	767	532
4095	0	255	3772	829	568
0	255	255	52	250	222
255	255	255	260	257	225
511	255	255	479	269	230
767	255	255	708	287	238
1023	255	255	941	312	250
1279	255	255	1175	343	264
1535	255	255	1410	380	282
1791	255	255	1646	421	302
2047	255	255	1882	465	326
2303	255	255	2118	512	351
2559	255	255	2355	562	379
2815	255	255	2591	614	408
3071	255	255	2828	667	439
3327	255	255	3064	722	471
3583	255	255	3301	777	504
3839	255	255	3538	834	539
4095	255	255	3774	891	574
0	511	255	138	503	246
255	511	255	317	506	248
511	511	255	515	513	253
767	511	255	733	524	261
1023	511	255	959	539	271
1279	511	255	1189	558	285
1535	511	255	1422	582	302
1791	511	255	1656	610	321
2047	511	255	1890	641	343
2303	511	255	2125	677	368
2559	511	255	2361	715	394
2815	511	255	2596	756	423
3071	511	255	2832	799	452
3327	511	255	3068	845	484
3583	511	255	3305	892	516
3839	511	255	3541	941	550
4095	511	255	3777	992	584
0	767	255	260	755	281
255	767	255	396	758	283
511	767	255	568	762	287
767	767	255	771	769	294
1023	767	255	988	780	304
1279	767	255	1212	793	317
1535	767	255	1440	810	332
1791	767	255	1671	829	350
2047	767	255	1903	853	371
2303	767	255	2136	879	394
2559	767	255	2370	908	419
2815	767	255	2605	940	446
3071	767	255	2840	974	474
3327	767	255	3075	1011	504
3583	767	255	3311	1050	535
3839	767	255	3547	1091	568
4095	767	255	3783	1134	601
0	1023	255	383	1008	326
255	1023	255	489	1010	328
511	1023	255	638	1013	332
767	1023	255	822	1018	338
1023	1023	255	1027	1026	346
1279	1023	255	1243	1036	358
1535	1023	255	1466	1048	372
1791	1023	255	1692	1063	388
2047	1023	255	1921	1081	407
2303	1023	255	2152	1101	428
2559	1023	255	2384	1123	452
2815	1023	255	2617	1149	477
3071	1023	255	2851	1176	504
3327	1023	255	3085	1206	532
3583	1023	255	3320	1238	562
3839	1023	255	3555	1272	593
4095	1023	255	3790	1308	625
0	1279	255	507	1261	379
255	1279	255	592	1262	381
511	1279	255	719	1265	384
767	1279	255	886	1269	389
1023	1279	255	1078	1275	397
1279	1279	255	1284	1282	407
1535	1279	255	1499	1292	420
1791	1279	255	1720	1304	434
2047	1279	255	1945	1318	452
2303	1279	255	2173	1334	471
2559	1279	255	2403	1352	492
2815	1279	255	2634	1372	516
3071	1279	255	2866	1394	541
3327	1279	255	3099	1419	567
3583	1279	255	3332	1445	595
3839	1279	255	3566	1474	625
4095	1279	255	3800	1504	655
0	1535	255	631	1514	438
255	1535	255	701	1515	439
511	1535	255	810	1517	442
767	1535	255	960	1520	447
1023	1535	255	1138	1525	454
1279	1535	255	1333	1531	463
1535	1535	255	1540	1539	474
1791	1535	255	1755	1548	487
2047	1535	255	1975	1560	503
2303	1535	255	2199	1573	520
2559	1535	255	2426	1588	540
2815	1535	255	2654	1604	561
3071	1535	255	2884	1623	584
3327	1535	255	3115	1643	609
3583	1535	255	3347	1666	635
3839	1535	255	3580	1690	663
4095	1535	255	3813	1715	691
0	1791	255	755	1767	501
255	1791	255	814	1768	503
511	1791	255	909	1769	506
767	1791	255	1043	1772	510
1023	1791	255	1207	1776	516
1279	1791	255	1391	1781	524
1535	1791	255	1589	1788	534
1791	1791	255	1797	1795	545
2047	1791	255	2012	1805	559
2303	1791	255	2231	1816	575
2559	1791	255	2454	1828	593
2815	1791	255	2679	1842	612
3071	1791	255	2907	1858	633
3327	1791	255	3136	1875	656
3583	1791	255	3366	1894	681
3839	1791	255	3597	1915	706
4095	1791	255	3829	1937	733
0	2047	255	879	2020	569
255	2047	255	930	2021	570
511	2047	255	1012	2022	572
767	2047	255	1133	2024	576
1023	2047	255	1283	2027	581
1279	2047	255	1456	2032	588
1535	2047	255	1645	2037	597
1791	2047	255	1845	2044	608
2047	2047	255	2054	2052	620
2303	2047	255	2268	2061	634
2559	2047	255	2487	2072	650
2815	2047	255	2709	2084	668
3071	2047	255	2933	2097	688
3327	2047	255	3160	2112	709
3583	2047	255	3388	2129	731
3839	2047	255	3617	2146	755
4095	2047	255	3847	2166	780
0	2303	255	1004	2273	638
255	2303	255	1047	2273	639
511	2303	255	1120	2275	641
767	2303	255	1229	2276	645
1023	2303	255	1367	2279	649
1279	2303	255	1529	2283	656
1535	2303	255	1708	2288	664
1791	2303	255	1900	2294	673
2047	2303	255	2102	2301	684
2303	2303	255	2310	2309	697
2559	2303	255	2524	2318	712
2815	2303	255	2742	2328	728
3071	2303	255	2964	2340	746
3327	2303	255	3187	2353	765
3583	2303	255	3413	2367	786
3839	2303	255	3640	2383	808
4095	2303	255	3869	2399	831
0	2559	255	1128	2526	710
255	2559	255	1166	2526	711
511	2559	255	1231	2527	713
767	2559	255	1329	2529	716
1023	2559	255	1456	2531	720
1279	2559	255	1607	2535	726
1535	2559	255	1777	2539	733
1791	2559	255	1961	2544	741
2047	2559	255	2155	2550	751
2303	2559	255	2358	2557	763
2559	2559	255	2567	2565	776
2815	2559	255	2781	2574	791
3071	2559	255	2998	2585	807
3327	2559	255	3219	2596	825
3583	2559	255	3442	2609	844
3839	2559	255	3667	2622	865
4095	2559	255	3893	2637	886
0	2815	255	1252	2778	783
255	2815	255	1286	2779	784
511	2815	255	1344	2780	785
767	2815	255	1433	2781	788
1023	2815	255	1550	2784	792
1279	2815	255	1691	2787	797
1535	2815	255	1851	2790	803
1791	2815	255	2027	2795	811
2047	2815	255	2214	2800	820
2303	2815	255	2411	2806	831
2559	2815	255	2614	2814	843
2815	2815	255	2824	2822	857
3071	2815	255	3037	2831	872
3327	2815	255	3255	2841	888
3583	2815	255	3475	2852	906
3839	2815	255	3697	2864	925
4095	2815	255	3921	2878	945
0	3071	255	1376	3031	857
255	3071	255	1407	3032	858
511	3071	255	1459	3033	859
767	3071	255	1540	3034	862
1023	3071	255	1648	3036	865
1279	3071	255	1780	3039	870
1535	3071	255	1931	3042	876
1791	3071	255	2098	3046	883
2047	3071	255	2278	3051	891
2303	3071	255	2468	3056	901
2559	3071	255	2667	3063	912
2815	3071	255	2871	3070	924
3071	3071	255	3080	3078	938
3327	3071	255	3294	3087	953
3583	3071	255	3511	3097	970
3839	3071	255	3730	3108	987
4095	3071	255	3952	3120	1006
0	3327	255	1501	3284	932
255	3327	255	1528	3285	933
511	3327	255	1576	3285	934
767	3327	255	1650	3287	936
1023	3327	255	1749	3288	940
1279	3327	255	1872	3291	944
1535	3327	255	2015	3294	949
1791	3327	255	2174	3297	956
2047	3327	255	2347	3302	963
2303	3327	255	2531	3307	972
2559	3327	255	2723	3313	982
2815	3327	255	2922	3319	994
3071	3327	255	3127	3327	1007
3327	3327	255	3337	3335	1020
3583	3327	255	3550	3344	1036
3839	3327	255	3767	3354	1052
4095	3327	255	3986	3365	1069
0	3583	255	1625	3537	1008
255	3583	255	1650	3538	1009
511	3583	255	1693	3538	1010
767	3583	255	1761	3539	1012
1023	3583	255	1854	3541	1015
1279	3583	255	1969	3543	1019
1535	3583	255	2103	3546	1024
1791	3583	255	2255	3549	1030
2047	3583	255	2420	3553	1037
2303	3583	255	2597	3558	1045
2559	3583	255	2784	3563	1054
2815	3583	255	2978	3569	1065
3071	3583	255	3178	3576	1076
3327	3583	255	3384	3583	1089
3583	3583	255	3594	3591	1103
3839	3583	255	3807	3600	1119
4095	3583	255	4023	3610	1135
0	3839	255	1749	3790	1084
255	3839	255	1772	3790	1085
511	3839	255	1812	3791	1086
767	3839	255	1875	3792	1088
1023	3839	255	1960	3794	1091
1279	3839	255	2068	3795	1094
1535	3839	255	2195	3798	1099
1791	3839	255	2339	3801	1104
2047	3839	255	2498	3805	1111
2303	3839	255	2668	3809	1118
2559	3839	255	2849	3814	1127
2815	3839	255	3038	3819	1137
3071	3839	255	3233	3825	1148
3327	3839	255	3435	3832	1160
3583	3839	255	3641	3840	1173
3839	3839	255	3850	3848	1187
4095	3839	255	4064	3857	1202
0	4095	255	1874	4043	1161
255	4095	255	1895	4043	1162
511	4095	255	1931	4044	1163
767	4095	255	1989	4045	1165
1023	4095	255	2069	4046	1167
1279	4095	255	2170	4048	1170
1535	4095	255	2290	4050	1175
1791	4095	255	2427	4053	1180
2047	4095	255	2579	4056	1186
2303	4095	255	2743	4060	1193
2559	4095	255	2918	4065	1201
2815	4095	255	3101	4070	1210
3071	4095	255	3292	4075	1220
3327	4095	255	3489	4082	1231
3583	4095	255	3691	4088	1243
3839	4095	255	3896	4095	1256
4095	4095	255	4095	4092	1267
0	0	511	12	3	440
255	0	511	229	13	441
511	0	511	462	29	444
767	0	511	697	56	449
1023	0	511	932	94	456
1279	0	511	1169	146	465
1535	0	511	1405	207	476
1791	0	511	1642	269	489
2047	0	511	1878	331	504
2303	0	511	2115	393	522
2559	0	511	2352	456	541
2815	0	511	2589	518	562
3071	0	511	2825	580	585
3327	0	511	3062	643	610
3583	0	511	3299	705	636
3839	0	511	3536	767	664
4095	0	511	3773	830	692
0	255	511	60	252	447
255	255	511	265	259	449
511	255	511	483	270	452
767	255	511	711	289	456
1023	255	511	943	314	463
1279	255	511	1177	345	472
1535	255	511	1412	381	483
1791	255	511	1647	422	496
2047	255	511	1883	466	511
2303	255	511	2119	513	528
2559	255	511	2355	563	547
2815	255	511	2592	615	569
3071	255	511	2828	668	591
3327	255	511	3065	722	616
3583	255	511	3301	778	642
3839	255	511	3538	835	669
4095	255	511	3774	892	697
0	511	511	146	504	461
255	511	511	322	507	462
511	511	511	518	514	465
767	511	511	735	525	470
1023	511	511	961	540	476
1279	511	511	1191	559	485
1535	511	511	1423	583	495
1791	511	511	1656	611	508
2047	511	511	1891	642	523
2303	511	511	2126	677	540
2559	511	511	2361	715	559
2815	511	511	2597	756	579
3071	511	511	2833	800	602
3327	511	511	3069	845	626
3583	511	511	3305	893	651
3839	511	511	3541	942	678
4095	511	511	3778	992	706
0	767	511	266	756	482
255	767	511	400	758	484
511	767	511	571	763	486
767	767	511	773	770	491
1023	767	511	989	780	497
1279	767	511	1213	794	505
1535	767	511	1441	810	515
1791	767	511	1672	830	528
2047	767	511	1904	853	542
2303	767	511	2137	879	558
2559	767	511	2371	908	576
2815	767	511	2606	940	596
3071	767	511	2841	975	618
3327	767	511	3076	1011	642
3583	767	511	3311	1051	666
3839	767	511	3547	1092	693
4095	767	511	3783	1134	720
0	1023	511	388	1009	511
255	1023	511	493	1010	513
511	1023	511	640	1014	515
767	1023	511	824	1019	519
1023	1023	511	1029	1026	525
1279	1023	511	1245	1036	533
1535	1023	511	1467	1049	543
1791	1023	511	1693	1064	554
2047	1023	511	1922	1081	568
2303	1023	511	2153	1101	584
2559	1023	511	2385	1124	601
2815	1023	511	2618	1149	620
3071	1023	511	2852	1176	641
3327	1023	511	3086	1206	664
3583	1023	511	3320	1238	688
3839	1023	511	3555	1272	713
4095	1023	511	3791	1308	740
0	1279	511	510	1261	548
255	1279	511	595	1263	549
511	1279	511	721	1265	551
767	1279	511	888	1269	555
1023	1279	511	1079	1275	561
1279	1279	511	1285	1283	568
1535	1279	511	1500	1292	577
1791	1279	511	1721	1304	588
2047	1279	511	1946	1318	601
2303	1279	511	2174	1334	616
2559	1279	511	2403	1352	632
2815	1279	511	2634	1372	651
3071	1279	511	2866	1395	671
3327	1279	511	3099	1419	692
3583	1279	511	3332	1446	715
3839	1279	511	3566	1474	739
4095	1279	511	3801	1504	765
0	1535	511	634	1514	591
255	1535	511	703	1515	592
511	1535	511	812	1517	594
767	1535	511	962	1521	598
1023	1535	511	1139	1525	603
1279	1535	511	1334	1531	610
1535	1535	511	1541	1539	618
1791	1535	511	1756	1549	628
2047	1535	511	1976	1560	640
2303	1535	511	2200	1573	654
2559	1535	511	2426	1588	670
2815	1535	511	2655	1605	687
3071	1535	511	2885	1623	706
3327	1535	511	3116	1644	726
3583	1535	511	3348	1666	748
3839	1535	511	3580	1690	772
4095	1535	511	3813	1716	796
0	1791	511	757	1767	639
255	1791	511	816	1768	641
511	1791	511	910	1770	643
767	1791	511	1044	1772	646
1023	1791	511	1208	1776	651
1279	1791	511	1392	1781	657
1535	1791	511	1590	1788	665
1791	1791	511	1798	1796	674
2047	1791	511	2012	1805	686
2303	1791	511	2232	1816	699
2559	1791	511	2454	1829	713
2815	1791	511	2680	1843	729
3071	1791	511	2907	1858	747
3327	1791	511	3136	1876	766
3583	1791	511	3366	1894	787
3839	1791	511	3597	1915	809
4095	1791	511	3829	1937	832
0	2047	511	881	2020	693
255	2047	511	931	2021	694
511	2047	511	1014	2022	696
767	2047	511	1134	2024	699
1023	2047	511	1285	2028	704
1279	2047	511	1457	2032	709
1535	2047	511	1646	2037	717
1791	2047	511	1846	2044	725
2047	2047	511	2054	2052	736
2303	2047	511	2269	2062	748
2559	2047	511	2487	2072	761
2815	2047	511	2709	2084	776
3071	2047	511	2933	2098	793
3327	2047	511	3160	2113	811
3583	2047	511	3388	2129	831
3839	2047	511	3617	2147	851
4095	2047	511	3848	2166	874
0	2303	511	1005	2273	751
255	2303	511	1049	2273	752
511	2303	511	1122	2275	754
767	2303	511	1230	2277	756
1023	2303	511	1368	2279	760
1279	2303	511	1530	2283	766
1535	2303	511	1709	2288	772
1791	2303	511	1901	2294	781
2047	2303	511	2102	2301	790
2303	2303	511	2311	2309	801
2559	2303	511	2525	2318	814
2815	2303	511	2743	2328	828
3071	2303	511	2964	2340	843
3327	2303	511	3188	2353	860
3583	2303	511	3413	2367	879
3839	2303	511	3641	2383	898
4095	2303	511	3869	2400	919
0	2559	511	1129	2526	812
255	2559	511	1167	2526	813
511	2559	511	1232	2527	814
767	2559	511	1330	2529	817
1023	2559	511	1457	2532	821
1279	2559	511	1608	2535	826
1535	2559	511	1778	2539	832
1791	2559	511	1961	2544	839
2047	2559	511	2156	2550	848
2303	2559	511	2359	2557	858
2559	2559	511	2568	2565	870
2815	2559	511	2781	2574	883
3071	2559	511	2999	2585	898
3327	2559	511	3219	2596	913
3583	2559	511	3442	2609	931
3839	2559	511	3667	2622	949
4095	2559	511	3894	2637	969
0	2815	511	1253	2779	876
255	2815	511	1287	2779	877
511	2815	511	1345	2780	878
767	2815	511	1434	2782	881
1023	2815	511	1551	2784	884
1279	2815	511	1692	2787	888
1535	2815	511	1852	2790	894
1791	2815	511	2028	2795	901
2047	2815	511	2215	2800	909
2303	2815	511	2411	2806	919
2559	2815	511	2615	2814	930
2815	2815	511	2824	2822	942
3071	2815	511	3038	2831	955
3327	2815	511	3255	2841	970
3583	2815	511	3475	2852	986
3839	2815	511	3697	2864	1003
4095	2815	511	3921	2878	1022
0	3071	511	1378	3031	942
255	3071	511	1408	3032	943
511	3071	511	1460	3033	944
767	3071	511	1541	3034	946
1023	3071	511	1649	3036	949
1279	3071	511	1780	3039	954
1535	3071	511	1932	3042	959
1791	3071	511	2099	3046	965
2047	3071	511	2279	3051	973
2303	3071	511	2469	3056	982
2559	3071	511	2667	3063	992
2815	3071	511	2871	3070	1003
3071	3071	511	3081	3078	1016
3327	3071	511	3294	3087	1029
3583	3071	511	3511	3097	1044
3839	3071	511	3731	3108	1061
4095	3071	511	3952	3120	1078
0	3327	511	1502	3284	1010
255	3327	511	1529	3285	1011
511	3327	511	1577	3286	1012
767	3327	511	1651	3287	1014
1023	3327	511	1750	3289	1017
1279	3327	511	1873	3291	1021
1535	3327	511	2016	3294	1026
1791	3327	511	2175	3297	1032
2047	3327	511	2348	3302	1039
2303	3327	511	2531	3307	1047
2559	3327	511	2724	3313	1056
2815	3327	511	2923	3319	1067
3071	3327	511	3128	3327	1078
3327	3327	511	3337	3335	1091
3583	3327	511	3551	3344	1105
3839	3327	511	3767	3354	1121
4095	3327	511	3986	3365	1137
0	3583	511	1626	3537	1080
255	3583	511	1651	3538	1080
511	3583	511	1694	3538	1082
767	3583	511	1762	3539	1083
1023	3583	511	1854	3541	1086
1279	3583	511	1969	3543	1090
1535	3583	511	2104	3546	1094
1791	3583	511	2255	3549	1100
2047	3583	511	2421	3553	1106
2303	3583	511	2598	3558	1114
2559	3583	511	2784	3563	1123
2815	3583	511	2979	3569	1132
3071	3583	511	3179	3576	1143
3327	3583	511	3384	3583	1155
3583	3583	511	3594	3591	1168
3839	3583	511	3807	3600	1183
4095	3583	511	4024	3610	1198
0	3839	511	1750	3790	1151
255	3839	511	1773	3791	1151
511	3839	511	1813	3791	1152
767	3839	511	1875	3792	1154
1023	3839	511	1961	3794	1157
1279	3839	511	2069	3796	1160
1535	3839	511	2196	3798	1164
1791	3839	511	2340	3801	1169
2047	3839	511	2498	3805	1175
2303	3839	511	2669	3809	1183
2559	3839	511	2849	3814	1191
2815	3839	511	3038	3819	1200
3071	3839	511	3234	3825	1210
3327	3839	511	3435	3832	1221
3583	3839	511	3641	3840	1234
3839	3839	511	3851	3848	1247
4095	3839	511	4064	3857	1261
0	4095	511	1874	4043	1223
255	4095	511	1895	4043	1223
511	4095	511	1932	4044	1224
767	4095	511	1990	4045	1226
1023	4095	511	2070	4046	1228
1279	4095	511	2171	4048	1231
1535	4095	511	2291	4050	1235
1791	4095	511	2428	4053	1240
2047	4095	511	2579	4056	1246
2303	4095	511	2743	4060	1252
2559	4095	511	2918	4065	1260
2815	4095	511	3101	4070	1269
3071	4095	511	3292	4075	1278
3327	4095	511	3489	4082	1289
3583	4095	511	3691	4089	1300
3839	4095	511	3896	4095	1312
4095	4095	511	4095	4092	1322
0	0	767	25	7	671
255	0	767	239	16	672
511	0	767	467	33	674
767	0	767	700	59	677
1023	0	767	935	98	681
1279	0	767	1171	149	687
1535	0	767	1407	210	695
1791	0	767	1643	272	704
2047	0	767	1880	333	715
2303	0	767	2116	395	727
2559	0	767	2353	457	741
2815	0	767	2589	519	756
3071	0	767	2826	582	774
3327	0	767	3063	644	792
3583	0	767	3300	706	812
3839	0	767	3536	768	833
4095	0	767	3773	831	856
0	255	767	73	254	676
255	255	767	275	261	677
511	255	767	488	273	679
767	255	767	714	291	682
1023	255	767	945	316	686
1279	255	767	1179	347	692
1535	255	767	1413	383	700
1791	255	767	1648	423	709
2047	255	767	1884	467	719
2303	255	767	2120	515	732
2559	255	767	2356	564	746
2815	255	767	2592	616	761
3071	255	767	2829	669	778
3327	255	767	3065	723	796
3583	255	767	3302	779	816
3839	255	767	3538	835	838
4095	255	767	3775	893	860
0	511	767	159	505	685
255	511	767	330	509	686
511	511	767	523	515	688
767	511	767	739	526	691
1023	511	767	963	541	695
1279	511	767	1193	560	701
1535	511	767	1425	584	709
1791	511	767	1658	612	717
2047	511	767	1892	643	728
2303	511	767	2127	678	740
2559	511	767	2362	716	754
2815	511	767	2598	757	769
3071	511	767	2834	801	786
3327	511	767	3070	846	804
3583	511	767	3306	893	824
3839	511	767	3542	942	845
4095	511	767	3778	993	867
0	767	767	275	757	699
255	767	767	407	759	700
511	767	767	576	764	702
767	767	767	776	771	705
1023	767	767	992	781	710
1279	767	767	1215	794	715
1535	767	767	1443	811	722
1791	767	767	1673	831	731
2047	767	767	1905	854	742
2303	767	767	2138	880	753
2559	767	767	2372	909	767
2815	767	767	2606	941	782
3071	767	767	2841	975	798
3327	767	767	3076	1012	816
3583	767	767	3312	1051	836
3839	767	767	3548	1092	856
4095	767	767	3784	1135	878
0	1023	767	394	1009	720
255	1023	767	498	1011	721
511	1023	767	644	1014	722
767	1023	767	828	1020	725
1023	1023	767	1031	1027	730
1279	1023	767	1247	1037	735
1535	1023	767	1468	1049	742
1791	1023	767	1694	1064	751
2047	1023	767	1923	1082	761
2303	1023	767	2154	1102	772
2559	1023	767	2386	1124	785
2815	1023	767	2619	1150	800
3071	1023	767	2852	1177	816
3327	1023	767	3086	1207	833
3583	1023	767	3321	1239	852
3839	1023	767	3556	1273	873
4095	1023	767	3791	1309	894
0	1279	767	516	1262	746
255	1279	767	599	1263	747
511	1279	767	725	1266	748
767	1279	767	891	1270	751
1023	1279	767	1081	1276	755
1279	1279	767	1287	1283	761
1535	1279	767	1502	1293	767
1791	1279	767	1723	1305	776
2047	1279	767	1947	1318	785
2303	1279	767	2175	1334	796
2559	1279	767	2404	1353	809
2815	1279	767	2635	1373	823
3071	1279	767	2867	1395	839
3327	1279	767	3100	1420	856
3583	1279	767	3333	1446	874
3839	1279	767	3567	1475	894
4095	1279	767	3801	1505	915
0	1535	767	638	1515	777
255	1535	767	707	1516	778
511	1535	767	816	1518	780
767	1535	767	964	1521	783
1023	1535	767	1141	1526	787
1279	1535	767	1336	1532	792
1535	1535	767	1543	1540	798
1791	1535	767	1757	1549	806
2047	1535	767	1977	1560	815
2303	1535	767	2201	1573	826
2559	1535	767	2427	1588	838
2815	1535	767	2656	1605	852
3071	1535	767	2885	1624	867
3327	1535	767	3116	1644	883
3583	1535	767	3348	1666	901
3839	1535	767	3581	1690	920
4095	1535	767	3814	1716	940
0	1791	767	761	1767	815
255	1791	767	819	1768	815
511	1791	767	913	1770	817
767	1791	767	1047	1773	820
1023	1791	767	1210	1777	823
1279	1791	767	1394	1782	828
1535	1791	767	1592	1788	834
1791	1791	767	1799	1796	842
2047	1791	767	2013	1805	851
2303	1791	767	2233	1816	861
2559	1791	767	2455	1829	873
2815	1791	767	2680	1843	886
3071	1791	767	2908	1859	900
3327	1791	767	3137	1876	916
3583	1791	767	3367	1895	933
3839	1791	767	3598	1915	951
4095	1791	767	3830	1937	971
0	2047	767	884	2020	857
255	2047	767	934	2021	858
511	2047	767	1016	2022	859
767	2047	767	1136	2025	861
1023	2047	767	1287	2028	865
1279	2047	767	1459	2032	870
1535	2047	767	1647	2038	875
1791	2047	767	1847	2045	883
2047	2047	767	2055	2053	891
2303	2047	767	2270	2062	901
2559	2047	767	2488	2072	912
2815	2047	767	2710	2085	924
3071	2047	767	2934	2098	938
3327	2047	767	3161	2113	953
3583	2047	767	3389	2129	969
3839	2047	767	3618	2147	987
4095	2047	767	3848	2166	1006
0	2303	767	1008	2273	903
255	2303	767	1051	2274	904
511	2303	767	1124	2275	905
767	2303	767	1232	2277	908
1023	2303	767	1370	2280	911
1279	2303	767	1531	2283	915
1535	2303	767	1710	2288	921
1791	2303	767	1902	2294	928
2047	2303	767	2103	2301	936
2303	2303	767	2312	2309	945
2559	2303	767	2526	2318	955
2815	2303	767	2744	2329	967
3071	2303	767	2965	2340	980
3327	2303	767	3188	2353	994
3583	2303	767	3414	2368	1010
3839	2303	767	3641	2383	1027
4095	2303	767	3870	2400	1045
0	2559	767	1132	2526	954
255	2559	767	1170	2527	954
511	2559	767	1234	2528	956
767	2559	767	1332	2529	958
1023	2559	767	1459	2532	961
1279	2559	767	1609	2535	965
1535	2559	767	1779	2539	970
1791	2559	767	1962	2544	977
2047	2559	767	2157	2550	984
2303	2559	767	2360	2557	993
2559	2559	767	2568	2565	1003
2815	2559	767	2782	2575	1014
3071	2559	767	3000	2585	1026
3327	2559	767	3220	2596	1040
3583	2559	767	3443	2609	1055
3839	2559	767	3668	2623	1071
4095	2559	767	3894	2637	1088
0	2815	767	1255	2779	1008
255	2815	767	1289	2779	1008
511	2815	767	1347	2780	1010
767	2815	767	1436	2782	1012
1023	2815	767	1552	2784	1015
1279	2815	767	1693	2787	1018
1535	2815	767	1853	2791	1023
1791	2815	767	2029	2795	1029
2047	2815	767	2216	2800	1036
2303	2815	767	2412	2807	1045
2559	2815	767	2616	2814	1054
2815	2815	767	2825	2822	1064
3071	2815	767	3038	2831	1076
3327	2815	767	3256	2841	1089
3583	2815	767	3475	2852	1103
3839	2815	767	3698	2865	1118
4095	2815	767	3922	2878	1135
0	3071	767	1379	3032	1065
255	3071	767	1410	3032	1065
511	3071	767	1462	3033	1067
767	3071	767	1543	3034	1068
1023	3071	767	1650	3036	1071
1279	3071	767	1782	3039	1075
1535	3071	767	1933	3042	1079
1791	3071	767	2100	3046	1085
2047	3071	767	2280	3051	1092
2303	3071	767	2470	3057	1099
2559	3071	767	2668	3063	1108
2815	3071	767	2872	3070	1118
3071	3071	767	3081	3078	1129
3327	3071	767	3295	3088	1141
3583	3071	767	3512	3098	1155
3839	3071	767	3731	3109	1169
4095	3071	767	3953	3121	1185
0	3327	767	1503	3285	1124
255	3327	767	1531	3285	1125
511	3327	767	1578	3286	1126
767	3327	767	1652	3287	1128
1023	3327	767	1752	3289	1130
1279	3327	767	1874	3291	1134
1535	3327	767	2017	3294	1138
1791	3327	767	2176	3298	1143
2047	3327	767	2349	3302	1150
2303	3327	767	2532	3307	1157
2559	3327	767	2724	3313	1165
2815	3327	767	2924	3319	1175
3071	3327	767	3128	3327	1185
3327	3327	767	3338	3335	1197
3583	3327	767	3551	3344	1209
3839	3327	767	3768	3354	1223
4095	3327	767	3987	3365	1238
0	3583	767	1627	3537	1186
255	3583	767	1652	3538	1187
511	3583	767	1696	3538	1188
767	3583	767	1763	3540	1190
1023	3583	767	1856	3541	1192
1279	3583	767	1970	3543	1195
1535	3583	767	2105	3546	1199
1791	3583	767	2256	3549	1204
2047	3583	767	2422	3553	1210
2303	3583	767	2599	3558	1217
2559	3583	767	2785	3563	1225
2815	3583	767	2979	3569	1234
3071	3583	767	3179	3576	1244
3327	3583	767	3385	3583	1255
3583	3583	767	3595	3592	1266
3839	3583	767	3808	3601	1279
4095	3583	767	4024	3610	1293
0	3839	767	1751	3790	1250
255	3839	767	1774	3791	1251
511	3839	767	1814	3791	1252
767	3839	767	1877	3792	1253
1023	3839	767	1962	3794	1256
1279	3839	767	2070	3796	1259
1535	3839	767	2197	3798	1263
1791	3839	767	2341	3801	1267
2047	3839	767	2499	3805	1273
2303	3839	767	2670	3809	1279
2559	3839	767	2850	3814	1287
2815	3839	767	3039	3819	1295
3071	3839	767	3234	3825	1304
3327	3839	767	3436	3832	1315
3583	3839	767	3641	3840	1326
3839	3839	767	3851	3848	1338
4095	3839	767	4064	3857	1351
0	4095	767	1876	4043	1316
255	4095	767	1896	4044	1317
511	4095	767	1933	4044	1317
767	4095	767	1991	4045	1319
1023	4095	767	2071	4046	1321
1279	4095	767	2172	4048	1324
1535	4095	767	2292	4050	1328
1791	4095	767	2429	4053	1332
2047	4095	767	2580	4056	1337
2303	4095	767	2744	4060	1343
2559	4095	767	2919	4065	1350
2815	4095	767	3102	4070	1358
3071	4095	767	3293	4075	1367
3327	4095	767	3490	4082	1377
3583	4095	767	3692	4089	1387
3839	4095	767	3897	4095	1399
4095	4095	767	4095	4092	1407
0	0	1023	44	12	902
255	0	1023	254	21	903
511	0	1023	476	38	904
767	0	1023	706	65	906
1023	0	1023	939	103	910
1279	0	1023	1174	155	914
1535	0	1023	1409	215	919
1791	0	1023	1645	275	926
2047	0	1023	1881	336	934
2303	0	1023	2118	398	943
2559	0	1023	2354	460	954
2815	0	1023	2591	521	966
3071	0	1023	2827	583	979
3327	0	1023	3064	645	993
3583	0	1023	3300	708	1009
3839	0	1023	3537	770	1026
4095	0	1023	3774	832	1044
0	255	1023	92	258	905
255	255	1023	287	265	906
511	255	1023	496	276	908
767	255	1023	720	295	910
1023	255	1023	949	319	913
1279	255	1023	1182	350	918
1535	255	1023	1416	386	923
1791	255	1023	1650	426	930
2047	255	1023	1886	470	938
2303	255	1023	2121	517	947
2559	255	1023	2357	566	957
2815	255	1023	2594	617	969
3071	255	1023	2830	670	982
3327	255	1023	3066	725	996
3583	255	1023	3303	780	1012
3839	255	1023	3539	837	1029
4095	255	1023	3776	894	1047
0	511	1023	178	507	912
255	511	1023	341	511	913
511	511	1023	531	517	914
767	511	1023	744	528	917
1023	511	1023	967	543	920
1279	511	1023	1196	562	924
1535	511	1023	1427	586	930
1791	511	1023	1660	614	936
2047	511	1023	1894	645	944
2303	511	1023	2128	680	953
2559	511	1023	2363	718	964
2815	511	1023	2599	759	975
3071	511	1023	2835	802	988
3327	511	1023	3070	847	1002
3583	511	1023	3307	895	1018
3839	511	1023	3543	943	1034
4095	511	1023	3779	994	1052
0	767	1023	288	758	923
255	767	1023	416	761	924
511	767	1023	583	765	925
767	767	1023	781	772	927
1023	767	1023	996	783	930
1279	767	1023	1218	796	935
1535	767	1023	1445	812	940
1791	767	1023	1675	832	947
2047	767	1023	1907	855	954
2303	767	1023	2139	881	963
2559	767	1023	2373	910	974
2815	767	1023	2607	942	985
3071	767	1023	2842	976	998
3327	767	1023	3077	1013	1012
3583	767	1023	3313	1052	1027
3839	767	1023	3548	1093	1044
4095	767	1023	3784	1136	1061
0	1023	1023	404	1010	938
255	1023	1023	506	1012	939
511	1023	1023	650	1015	940
767	1023	1023	832	1021	942
1023	1023	1023	1035	1028	945
1279	1023	1023	1249	1038	949
1535	1023	1023	1471	1050	955
1791	1023	1023	1696	1065	961
2047	1023	1023	1925	1083	969
2303	1023	1023	2155	1103	978
2559	1023	1023	2387	1125	988
2815	1023	1023	2620	1150	999
3071	1023	1023	2853	1178	1012
3327	1023	1023	3087	1208	1026
3583	1023	1023	3322	1240	1041
3839	1023	1023	3557	1274	1057
4095	1023	1023	3792	1310	1074
0	1279	1023	523	1263	957
255	1279	1023	606	1264	958
511	1279	1023	730	1267	960
767	1279	1023	895	1271	962
1023	1279	1023	1085	1276	965
1279	1279	1023	1290	1284	969
1535	1279	1023	1504	1294	974
1791	1279	1023	1724	1305	980
2047	1279	1023	1949	1319	988
2303	1279	1023	2176	1335	996
2559	1279	1023	2405	1353	1006
2815	1279	1023	2636	1374	1017
3071	1279	1023	2868	1396	1030
3327	1279	1023	3101	1420	1043
3583	1279	1023	3334	1447	1058
3839	1279	1023	3568	1475	1074
4095	1279	1023	3802	1506	1091
0	1535	1023	644	1515	982
255	1535	1023	713	1516	982
511	1535	1023	820	1518	984
767	1535	1023	968	1522	986
1023	1535	1023	1144	1526	989
1279	1535	1023	1339	1532	993
1535	1535	1023	1545	1540	998
1791	1535	1023	1759	1550	1004
2047	1535	1023	1979	1561	1011
2303	1535	1023	2202	1574	1020
2559	1535	1023	2428	1589	1029
2815	1535	1023	2657	1606	1040
3071	1535	1023	2886	1624	1052
3327	1535	1023	3117	1645	1065
3583	1535	1023	3349	1667	1080
3839	1535	1023	3582	1691	1095
4095	1535	1023	3815	1716	1112
0	1791	1023	766	1768	1011
255	1791	1023	824	1769	1011
511	1791	1023	917	1771	1013
767	1791	1023	1050	1773	1015
1023	1791	1023	1213	1777	1018
1279	1791	1023	1396	1782	1021
1535	1791	1023	1594	1789	1026
1791	1791	1023	1801	1797	1032
2047	1791	1023	2015	1806	1039
2303	1791	1023	2234	1817	1047
2559	1791	1023	2456	1829	1057
2815	1791	1023	2682	1843	1067
3071	1791	1023	2909	1859	1079
3327	1791	1023	3137	1876	1092
3583	1791	1023	3367	1895	1106
3839	1791	1023	3598	1916	1121
4095	1791	1023	3830	1938	1137
0	2047	1023	889	2021	1044
255	2047	1023	938	2021	1045
511	2047	1023	1020	2023	1046
767	2047	1023	1140	2025	1048
1023	2047	1023	1289	2028	1051
1279	2047	1023	1461	2033	1054
1535	2047	1023	1650	2038	1059
1791	2047	1023	1849	2045	1065
2047	2047	1023	2057	2053	1072
2303	2047	1023	2271	2062	1080
2559	2047	1023	2489	2073	1089
2815	2047	1023	2711	2085	1099
3071	2047	1023	2935	2098	1110
3327	2047	1023	3161	2113	1122
3583	2047	1023	3389	2130	1136
3839	2047	1023	3619	2147	1151
4095	2047	1023	3849	2166	1166
0	2303	1023	1011	2273	1082
255	2303	1023	1055	2274	1082
511	2303	1023	1127	2275	1083
767	2303	1023	1235	2277	1085
1023	2303	1023	1372	2280	1088
1279	2303	1023	1533	2284	1092
1535	2303	1023	1712	2289	1096
1791	2303	1023	1904	2294	1102
2047	2303	1023	2105	2301	1108
2303	2303	1023	2313	2309	1116
2559	2303	1023	2527	2319	1124
2815	2303	1023	2745	2329	1134
3071	2303	1023	2966	2341	1145
3327	2303	1023	3189	2354	1157
3583	2303	1023	3415	2368	1170
3839	2303	1023	3642	2383	1184
4095	2303	1023	3870	2400	1200
0	2559	1023	1135	2526	1123
255	2559	1023	1173	2527	1124
511	2559	1023	1237	2528	1125
767	2559	1023	1334	2530	1127
1023	2559	1023	1461	2532	1129
1279	2559	1023	1612	2535	1133
1535	2559	1023	1781	2539	1137
1791	2559	1023	1964	2545	1142
2047	2559	1023	2158	2551	1148
2303	2559	1023	2361	2558	1156
2559	2559	1023	2570	2566	1164
2815	2559	1023	2783	2575	1173
3071	2559	1023	3000	2585	1184
3327	2559	1023	3221	2597	1195
3583	2559	1023	3444	2609	1208
3839	2559	1023	3668	2623	1222
4095	2559	1023	3895	2638	1237
0	2815	1023	1258	2779	1168
255	2815	1023	1292	2780	1169
511	2815	1023	1350	2781	1170
767	2815	1023	1438	2782	1172
1023	2815	1023	1555	2784	1174
1279	2815	1023	1695	2787	1177
1535	2815	1023	1855	2791	1181
1791	2815	1023	2030	2795	1186
2047	2815	1023	2217	2801	1192
2303	2815	1023	2413	2807	1199
2559	2815	1023	2617	2814	1207
2815	2815	1023	2826	2822	1216
3071	2815	1023	3039	2831	1226
3327	2815	1023	3256	2842	1238
3583	2815	1023	3476	2853	1250
3839	2815	1023	3698	2865	1263
4095	2815	1023	3923	2878	1277
0	3071	1023	1382	3032	1217
255	3071	1023	1412	3032	1217
511	3071	1023	1464	3033	1218
767	3071	1023	1545	3035	1220
1023	3071	1023	1652	3037	1222
1279	3071	1023	1783	3039	1225
1535	3071	1023	1934	3042	1229
1791	3071	1023	2101	3046	1234
2047	3071	1023	2281	3051	1240
2303	3071	1023	2471	3057	1246
2559	3071	1023	2669	3063	1254
2815	3071	1023	2873	3071	1263
3071	3071	1023	3082	3079	1272
3327	3071	1023	3296	3088	1283
3583	3071	1023	3512	3098	1295
3839	3071	1023	3732	3109	1307
4095	3071	1023	3953	3121	1321
0	3327	1023	1506	3285	1268
255	3327	1023	1533	3285	1269
511	3327	1023	1580	3286	1270
767	3327	1023	1654	3287	1271
1023	3327	1023	1753	3289	1273
1279	3327	1023	1876	3291	1276
1535	3327	1023	2018	3294	1280
1791	3327	1023	2177	3298	1285
2047	3327	1023	2350	3302	1290
2303	3327	1023	2533	3307	1296
2559	3327	1023	2725	3313	1304
2815	3327	1023	2925	3320	1312
3071	3327	1023	3129	3327	1321
3327	3327	1023	3339	3335	1331
3583	3327	1023	3552	3344	1342
3839	3327	1023	3768	3354	1355
4095	3327	1023	3987	3365	1368
0	3583	1023	1629	3538	1322
255	3583	1023	1654	3538	1323
511	3583	1023	1698	3539	1324
767	3583	1023	1765	3540	1325
1023	3583	1023	1857	3541	1327
1279	3583	1023	1972	3544	1330
1535	3583	1023	2106	3546	1334
1791	3583	1023	2258	3549	1338
2047	3583	1023	2423	3553	1343
2303	3583	1023	2600	3558	1349
2559	3583	1023	2786	3563	1356
2815	3583	1023	2980	3569	1364
3071	3583	1023	3180	3576	1373
3327	3583	1023	3386	3583	1383
3583	3583	1023	3595	3592	1393
3839	3583	1023	3809	3601	1405
4095	3583	1023	4025	3611	1417
0	3839	1023	1753	3791	1379
255	3839	1023	1776	3791	1379
511	3839	1023	1816	3791	1380
767	3839	1023	1878	3792	1382
1023	3839	1023	1964	3794	1384
1279	3839	1023	2071	3796	1386
1535	3839	1023	2198	3798	1390
1791	3839	1023	2342	3801	1394
2047	3839	1023	2500	3805	1399
2303	3839	1023	2671	3809	1405
2559	3839	1023	2851	3814	1411
2815	3839	1023	3040	3819	1419
3071	3839	1023	3235	3826	1427
3327	3839	1023	3436	3832	1436
3583	3839	1023	3642	3840	1446
3839	3839	1023	3852	3848	1458
4095	3839	1023	4065	3857	1469
0	4095	1023	1877	4043	1438
255	4095	1023	1898	4044	1438
511	4095	1023	1935	4044	1439
767	4095	1023	1993	4045	1440
1023	4095	1023	2073	4047	1442
1279	4095	1023	2173	4048	1445
1535	4095	1023	2293	4051	1448
1791	4095	1023	2430	4053	1452
2047	4095	1023	2581	4057	1457
2303	4095	1023	2745	4060	1462
2559	4095	1023	2920	4065	1468
2815	4095	1023	3103	4070	1476
3071	4095	1023	3294	4076	1484
3327	4095	1023	3490	4082	1492
3583	4095	1023	3692	4089	1502
3839	4095	1023	3897	4095	1512
4095	4095	1023	4095	4091	1519
0	0	1279	69	19	1133
255	0	1279	272	28	1134
511	0	1279	486	45	1135
767	0	1279	713	71	1136
1023	0	1279	945	110	1139
1279	0	1279	1178	161	1142
1535	0	1279	1413	220	1147
1791	0	1279	1648	280	1152
2047	0	1279	1884	340	1158
2303	0	1279	2120	401	1165
2559	0	1279	2356	463	1174
2815	0	1279	2592	524	1183
3071	0	1279	2829	586	1193
3327	0	1279	3065	648	1205
3583	0	1279	3302	710	1217
3839	0	1279	3538	772	1231
4095	0	1279	3775	834	1245
0	255	1279	117	263	1136
255	255	1279	304	270	1136
511	255	1279	506	281	1137
767	255	1279	727	299	1139
1023	255	1279	955	323	1142
1279	255	1279	1186	354	1145
1535	255	1279	1419	389	1149
1791	255	1279	1653	429	1155
2047	255	1279	1888	473	1161
2303	255	1279	2123	519	1168
2559	255	1279	2359	569	1176
2815	255	1279	2595	620	1186
3071	255	1279	2831	673	1196
3327	255	1279	3067	727	1207
3583	255	1279	3304	782	1220
3839	255	1279	3540	838	1233
4095	255	1279	3777	895	1248
0	511	1279	200	510	1141
255	511	1279	355	514	1141
511	511	1279	540	520	1143
767	511	1279	751	531	1144
1023	511	1279	972	546	1147
1279	511	1279	1200	565	1150
1535	511	1279	1430	588	1154
1791	511	1279	1663	616	1160
2047	511	1279	1896	647	1166
2303	511	1279	2130	682	1173
2559	511	1279	2365	720	1181
2815	511	1279	2600	761	1190
3071	511	1279	2836	804	1201
3327	511	1279	3072	849	1212
3583	511	1279	3308	896	1224
3839	511	1279	3544	945	1238
4095	511	1279	3780	995	1252
0	767	1279	304	760	1149
255	767	1279	428	763	1150
511	767	1279	592	767	1151
767	767	1279	788	774	1153
1023	767	1279	1001	784	1155
1279	767	1279	1222	798	1158
1535	767	1279	1448	814	1163
1791	767	1279	1678	834	1168
2047	767	1279	1909	857	1174
2303	767	1279	2141	883	1181
2559	767	1279	2375	912	1189
2815	767	1279	2609	943	1198
3071	767	1279	2844	978	1208
3327	767	1279	3079	1015	1220
3583	767	1279	3314	1053	1232
3839	767	1279	3549	1094	1245
4095	767	1279	3785	1137	1260
0	1023	1279	416	1012	1161
255	1023	1279	516	1013	1161
511	1023	1279	658	1017	1163
767	1023	1279	838	1022	1164
1023	1023	1279	1040	1029	1167
1279	1023	1279	1253	1039	1170
1535	1023	1279	1474	1051	1174
1791	1023	1279	1699	1066	1179
2047	1023	1279	1927	1084	1185
2303	1023	1279	2157	1104	1192
2559	1023	1279	2389	1126	1200
2815	1023	1279	2621	1152	1209
3071	1023	1279	2855	1179	1220
3327	1023	1279	3089	1209	1231
3583	1023	1279	3323	1241	1243
3839	1023	1279	3558	1275	1256
4095	1023	1279	3793	1311	1270
0	1279	1279	533	1264	1176
255	1279	1279	614	1265	1177
511	1279	1279	737	1268	1178
767	1279	1279	901	1272	1180
1023	1279	1279	1089	1277	1182
1279	1279	1279	1293	1285	1185
1535	1279	1279	1507	1295	1189
1791	1279	1279	1727	1306	1194
2047	1279	1279	1951	1320	1200
2303	1279	1279	2178	1336	1207
2559	1279	1279	2407	1354	1215
2815	1279	1279	2638	1374	1224
3071	1279	1279	2869	1397	1234
3327	1279	1279	3102	1421	1245
3583	1279	1279	3335	1448	1257
3839	1279	1279	3569	1476	1270
4095	1279	1279	3803	1506	1284
0	1535	1279	652	1516	1196
255	1535	1279	720	1517	1196
511	1535	1279	826	1519	1197
767	1535	1279	973	1522	1199
1023	1535	1279	1149	1527	1201
1279	1535	1279	1342	1533	1204
1535	1535	1279	1548	1541	1208
1791	1535	1279	1762	1551	1213
2047	1535	1279	1981	1562	1219
2303	1535	1279	2204	1575	1226
2559	1535	1279	2430	1590	1234
2815	1535	1279	2658	1606	1243
3071	1535	1279	2888	1625	1252
3327	1535	1279	3118	1645	1263
3583	1535	1279	3350	1668	1275
3839	1535	1279	3583	1691	1288
4095	1535	1279	3816	1717	1302
0	1791	1279	773	1769	1219
255	1791	1279	830	1770	1219
511	1791	1279	923	1771	1220
767	1791	1279	1055	1774	1222
1023	1791	1279	1217	1778	1224
1279	1791	1279	1400	1783	1227
1535	1791	1279	1597	1789	1231
1791	1791	1279	1803	1797	1236
2047	1791	1279	2017	1807	1242
2303	1791	1279	2236	1818	1248
2559	1791	1279	2458	1830	1256
2815	1791	1279	2683	1844	1265
3071	1791	1279	2910	1860	1274
3327	1791	1279	3139	1877	1285
3583	1791	1279	3369	1896	1296
3839	1791	1279	3599	1916	1309
4095	1791	1279	3831	1938	1323
0	2047	1279	894	2021	1246
255	2047	1279	943	2022	1246
511	2047	1279	1025	2023	1247
767	2047	1279	1144	2026	1249
1023	2047	1279	1293	2029	1251
1279	2047	1279	1465	2033	1254
1535	2047	1279	1652	2039	1258
1791	2047	1279	1852	2046	1263
2047	2047	1279	2059	2054	1268
2303	2047	1279	2273	2063	1275
2559	2047	1279	2491	2073	1282
2815	2047	1279	2712	2085	1291
3071	2047	1279	2936	2099	1300
3327	2047	1279	3163	2114	1310
3583	2047	1279	3390	2130	1322
3839	2047	1279	3620	2148	1334
4095	2047	1279	3850	2167	1347
0	2303	1279	1016	2274	1276
255	2303	1279	1059	2275	1277
511	2303	1279	1131	2276	1278
767	2303	1279	1239	2278	1279
1023	2303	1279	1376	2281	1282
1279	2303	1279	1536	2284	1285
1535	2303	1279	1715	2289	1288
1791	2303	1279	1906	2295	1293
2047	2303	1279	2107	2302	1298
2303	2303	1279	2315	2310	1305
2559	2303	1279	2529	2319	1312
2815	2303	1279	2746	2330	1320
3071	2303	1279	2967	2341	1329
3327	2303	1279	3190	2354	1339
3583	2303	1279	3416	2368	1350
3839	2303	1279	3643	2384	1362
4095	2303	1279	3871	2401	1375
0	2559	1279	1139	2527	1311
255	2559	1279	1177	2527	1311
511	2559	1279	1241	2528	1312
767	2559	1279	1338	2530	1314
1023	2559	1279	1464	2532	1316
1279	2559	1279	1614	2536	1319
1535	2559	1279	1783	2540	1322
1791	2559	1279	1966	2545	1327
2047	2559	1279	2160	2551	1332
2303	2559	1279	2363	2558	1338
2559	2559	1279	2571	2566	1345
2815	2559	1279	2785	2575	1353
3071	2559	1279	3002	2586	1362
3327	2559	1279	3222	2597	1372
3583	2559	1279	3445	2610	1382
3839	2559	1279	3669	2623	1394
4095	2559	1279	3896	2638	1407
0	2815	1279	1262	2779	1349
255	2815	1279	1296	2780	1349
511	2815	1279	1353	2781	1350
767	2815	1279	1441	2782	1351
1023	2815	1279	1558	2785	1354
1279	2815	1279	1698	2788	1356
1535	2815	1279	1857	2791	1360
1791	2815	1279	2032	2796	1364
2047	2815	1279	2219	2801	1369
2303	2815	1279	2415	2807	1375
2559	2815	1279	2618	2814	1382
2815	2815	1279	2827	2823	1390
3071	2815	1279	3041	2832	1398
3327	2815	1279	3258	2842	1408
3583	2815	1279	3477	2853	1418
3839	2815	1279	3699	2865	1429
4095	2815	1279	3923	2879	1442
0	3071	1279	1385	3032	1390
255	3071	1279	1415	3033	1390
511	3071	1279	1467	3034	1391
767	3071	1279	1548	3035	1392
1023	3071	1279	1655	3037	1394
1279	3071	1279	1786	3039	1397
1535	3071	1279	1937	3043	1400
1791	3071	1279	2103	3047	1405
2047	3071	1279	2283	3052	1409
2303	3071	1279	2473	3057	1415
2559	3071	1279	2670	3064	1422
2815	3071	1279	2874	3071	1429
3071	3071	1279	3084	3079	1437
3327	3071	1279	3297	3088	1447
3583	3071	1279	3513	3098	1457
3839	3071	1279	3733	3109	1468
4095	3071	1279	3954	3121	1480
0	3327	1279	1509	3285	1434
255	3327	1279	1536	3286	1434
511	3327	1279	1583	3286	1435
767	3327	1279	1657	3287	1436
1023	3327	1279	1756	3289	1438
1279	3327	1279	1878	3292	1441
1535	3327	1279	2021	3295	1444
1791	3327	1279	2179	3298	1448
2047	3327	1279	2352	3302	1453
2303	3327	1279	2535	3308	1458
2559	3327	1279	2727	3313	1465
2815	3327	1279	2926	3320	1472
3071	3327	1279	3131	3327	1480
3327	3327	1279	3340	3336	1489
3583	3327	1279	3553	3345	1498
3839	3327	1279	3769	3355	1509
4095	3327	1279	3988	3365	1521
0	3583	1279	1632	3538	1481
255	3583	1279	1657	3538	1481
511	3583	1279	1700	3539	1482
767	3583	1279	1768	3540	1483
1023	3583	1279	1860	3542	1485
1279	3583	1279	1974	3544	1488
1535	3583	1279	2108	3546	1491
1791	3583	1279	2260	3550	1495
2047	3583	1279	2425	3554	1499
2303	3583	1279	2601	3558	1504
2559	3583	1279	2788	3564	1511
2815	3583	1279	2981	3570	1517
3071	3583	1279	3182	3576	1525
3327	3583	1279	3387	3584	1534
3583	3583	1279	3596	3592	1543
3839	3583	1279	3809	3601	1553
4095	3583	1279	4026	3611	1564
0	3839	1279	1756	3791	1530
255	3839	1279	1779	3791	1531
511	3839	1279	1818	3792	1532
767	3839	1279	1881	3793	1533
1023	3839	1279	1966	3794	1535
1279	3839	1279	2073	3796	1537
1535	3839	1279	2200	3799	1540
1791	3839	1279	2344	3802	1544
2047	3839	1279	2502	3805	1548
2303	3839	1279	2672	3809	1553
2559	3839	1279	2852	3814	1559
2815	3839	1279	3041	3820	1566
3071	3839	1279	3236	3826	1573
3327	3839	1279	3437	3833	1581
3583	3839	1279	3643	3840	1590
3839	3839	1279	3853	3849	1600
4095	3839	1279	4066	3858	1611
0	4095	1279	1880	4044	1582
255	4095	1279	1900	4044	1583
511	4095	1279	1937	4045	1584
767	4095	1279	1995	4045	1585
1023	4095	1279	2075	4047	1587
1279	4095	1279	2175	4049	1589
1535	4095	1279	2295	4051	1592
1791	4095	1279	2431	4054	1595
2047	4095	1279	2583	4057	1599
2303	4095	1279	2747	4061	1604
2559	4095	1279	2921	4065	1610
2815	4095	1279	3104	4070	1616
3071	4095	1279	3295	4076	1623
3327	4095	1279	3491	4082	1631
3583	4095	1279	3693	4089	1640
3839	4095	1279	3898	4095	1649
4095	4095	1279	4095	4091	1654
0	0	1535	101	28	1364
255	0	1535	293	37	1365
511	0	1535	500	53	1365
767	0	1535	722	80	1367
1023	0	1535	951	119	1369
1279	0	1535	1183	170	1372
1535	0	1535	1417	227	1375
1791	0	1535	1651	286	1379
2047	0	1535	1887	346	1384
2303	0	1535	2122	406	1390
2559	0	1535	2358	467	1397
2815	0	1535	2594	528	1404
3071	0	1535	2830	589	1413
3327	0	1535	3067	650	1422
3583	0	1535	3303	712	1433
3839	0	1535	3539	774	1444
4095	0	1535	3776	836	1456
0	255	1535	149	269	1366
255	255	1535	324	276	1367
511	255	1535	519	287	1368
767	255	1535	736	305	1369
1023	255	1535	961	329	1371
1279	255	1535	1191	359	1374
1535	255	1535	1423	394	1377
1791	255	1535	1657	433	1382
2047	255	1535	1891	477	1387
2303	255	1535	2126	523	1392
2559	255	1535	2361	572	1399
2815	255	1535	2597	623	1407
3071	255	1535	2833	675	1415
3327	255	1535	3069	729	1424
3583	255	1535	3305	784	1435
3839	255	1535	3541	840	1446
4095	255	1535	3778	897	1458
0	511	1535	227	513	1370
255	511	1535	373	517	1371
511	511	1535	552	524	1372
767	511	1535	759	534	1373
1023	511	1535	979	549	1375
1279	511	1535	1205	568	1378
1535	511	1535	1434	591	1381
1791	511	1535	1666	619	1386
2047	511	1535	1899	650	1391
2303	511	1535	2133	685	1396
2559	511	1535	2367	722	1403
2815	511	1535	2602	763	1411
3071	511	1535	2838	806	1419
3327	511	1535	3073	851	1428
3583	511	1535	3309	898	1439
3839	511	1535	3545	947	1450
4095	511	1535	3781	997	1462
0	767	1535	324	763	1377
255	767	1535	443	765	1378
511	767	1535	603	769	1378
767	767	1535	796	776	1380
1023	767	1535	1007	787	1382
1279	767	1535	1227	800	1385
1535	767	1535	1452	816	1388
1791	767	1535	1681	836	1392
2047	767	1535	1912	859	1397
2303	767	1535	2144	885	1403
2559	767	1535	2377	914	1410
2815	767	1535	2611	945	1417
3071	767	1535	2845	980	1425
3327	767	1535	3080	1016	1435
3583	767	1535	3315	1055	1445
3839	767	1535	3551	1096	1456
4095	767	1535	3786	1139	1468
0	1023	1535	432	1013	1387
255	1023	1535	529	1015	1387
511	1023	1535	668	1018	1388
767	1023	1535	846	1024	1389
1023	1023	1535	1046	1031	1391
1279	1023	1535	1258	1041	1394
1535	1023	1535	1478	1053	1397
1791	1023	1535	1702	1068	1402
2047	1023	1535	1930	1085	1406
2303	1023	1535	2160	1105	1412
2559	1023	1535	2391	1128	1419
2815	1023	1535	2623	1153	1426
3071	1023	1535	2856	1180	1435
3327	1023	1535	3090	1210	1444
3583	1023	1535	3324	1242	1454
3839	1023	1535	3559	1276	1465
4095	1023	1535	3794	1312	1477
0	1279	1535	545	1265	1399
255	1279	1535	625	1266	1400
511	1279	1535	746	1269	1400
767	1279	1535	908	1273	1402
1023	1279	1535	1095	1279	1404
1279	1279	1535	1298	1286	1406
1535	1279	1535	1511	1296	1410
1791	1279	1535	1730	1308	1414
2047	1279	1535	1954	1321	1419
2303	1279	1535	2181	1337	1424
2559	1279	1535	2409	1355	1431
2815	1279	1535	2640	1376	1438
3071	1279	1535	2871	1398	1447
3327	1279	1535	3103	1422	1456
3583	1279	1535	3336	1449	1466
3839	1279	1535	3570	1477	1477
4095	1279	1535	3804	1507	1488
0	1535	1535	662	1517	1415
255	1535	1535	729	1518	1415
511	1535	1535	834	1520	1416
767	1535	1535	980	1524	1418
1023	1535	1535	1154	1528	1419
1279	1535	1535	1347	1534	1422
1535	1535	1535	1552	1542	1425
1791	1535	1535	1765	1552	1429
2047	1535	1535	1984	1563	1434
2303	1535	1535	2207	1576	1440
2559	1535	1535	2432	1591	1446
2815	1535	1535	2660	1607	1454
3071	1535	1535	2889	1626	1462
3327	1535	1535	3120	1646	1471
3583	1535	1535	3352	1668	1481
3839	1535	1535	3584	1692	1491
4095	1535	1535	3817	1718	1503
0	1791	1535	781	1769	1434
255	1791	1535	838	1770	1434
511	1791	1535	930	1772	1435
767	1791	1535	1061	1775	1436
1023	1791	1535	1222	1779	1438
1279	1791	1535	1404	1784	1441
1535	1791	1535	1600	1790	1444
1791	1791	1535	1807	1798	1448
2047	1791	1535	2020	1807	1453
2303	1791	1535	2238	1818	1458
2559	1791	1535	2460	1831	1465
2815	1791	1535	2685	1845	1472
3071	1791	1535	2912	1861	1480
3327	1791	1535	3140	1878	1489
3583	1791	1535	3370	1897	1498
3839	1791	1535	3601	1917	1509
4095	1791	1535	3832	1939	1521
0	2047	1535	901	2022	1456
255	2047	1535	950	2023	1457
511	2047	1535	1031	2024	1457
767	2047	1535	1149	2026	1459
1023	2047	1535	1298	2030	1461
1279	2047	1535	1469	2034	1463
1535	2047	1535	1656	2040	1466
1791	2047	1535	1855	2046	1470
2047	2047	1535	2062	2054	1475
2303	2047	1535	2275	2064	1480
2559	2047	1535	2493	2074	1486
2815	2047	1535	2714	2086	1494
3071	2047	1535	2938	2100	1501
3327	2047	1535	3164	2114	1510
3583	2047	1535	3392	2131	1520
3839	2047	1535	3621	2148	1530
4095	2047	1535	3851	2168	1541
0	2303	1535	1023	2275	1482
255	2303	1535	1065	2275	1482
511	2303	1535	1137	2276	1483
767	2303	1535	1243	2278	1484
1023	2303	1535	1380	2281	1486
1279	2303	1535	1540	2285	1489
1535	2303	1535	1718	2290	1492
1791	2303	1535	1909	2296	1495
2047	2303	1535	2109	2302	1500
2303	2303	1535	2317	2310	1505
2559	2303	1535	2531	2320	1511
2815	2303	1535	2748	2330	1518
3071	2303	1535	2969	2342	1526
3327	2303	1535	3192	2355	1535
3583	2303	1535	3417	2369	1544
3839	2303	1535	3644	2384	1554
4095	2303	1535	3872	2401	1565
0	2559	1535	1144	2527	1511
255	2559	1535	1182	2528	1511
511	2559	1535	1246	2529	1512
767	2559	1535	1342	2531	1513
1023	2559	1535	1468	2533	1515
1279	2559	1535	1618	2536	1517
1535	2559	1535	1786	2540	1520
1791	2559	1535	1969	2546	1524
2047	2559	1535	2163	2552	1528
2303	2559	1535	2365	2559	1534
2559	2559	1535	2573	2567	1540
2815	2559	1535	2786	2576	1546
3071	2559	1535	3003	2586	1554
3327	2559	1535	3224	2598	1562
3583	2559	1535	3446	2610	1571
3839	2559	1535	3671	2624	1581
4095	2559	1535	3897	2639	1592
0	2815	1535	1267	2780	1543
255	2815	1535	1300	2780	1543
511	2815	1535	1358	2781	1544
767	2815	1535	1445	2783	1545
1023	2815	1535	1561	2785	1547
1279	2815	1535	1701	2788	1549
1535	2815	1535	1860	2792	1552
1791	2815	1535	2035	2796	1556
2047	2815	1535	2222	2802	1560
2303	2815	1535	2417	2808	1565
2559	2815	1535	2620	2815	1571
2815	2815	1535	2829	2823	1577
3071	2815	1535	3042	2832	1585
3327	2815	1535	3259	2842	1593
3583	2815	1535	3479	2854	1602
3839	2815	1535	3701	2866	1612
4095	2815	1535	3925	2879	1622
0	3071	1535	1390	3033	1578
255	3071	1535	1420	3033	1578
511	3071	1535	1471	3034	1579
767	3071	1535	1552	3035	1580
1023	3071	1535	1658	3037	1582
1279	3071	1535	1789	3040	1584
1535	3071	1535	1940	3043	1587
1791	3071	1535	2106	3047	1590
2047	3071	1535	2285	3052	1595
2303	3071	1535	2475	3058	1600
2559	3071	1535	2672	3064	1605
2815	3071	1535	2876	3071	1612
3071	3071	1535	3085	3080	1619
3327	3071	1535	3298	3089	1627
3583	3071	1535	3515	3099	1635
3839	3071	1535	3734	3110	1645
4095	3071	1535	3955	3122	1655
0	3327	1535	1513	3285	1616
255	3327	1535	1540	3286	1616
511	3327	1535	1587	3287	1617
767	3327	1535	1660	3288	1618
1023	3327	1535	1759	3290	1620
1279	3327	1535	1881	3292	1622
1535	3327	1535	2023	3295	1625
1791	3327	1535	2182	3299	1628
2047	3327	1535	2354	3303	1632
2303	3327	1535	2537	3308	1637
2559	3327	1535	2729	3314	1642
2815	3327	1535	2928	3320	1649
3071	3327	1535	3132	3328	1656
3327	3327	1535	3341	3336	1663
3583	3327	1535	3554	3345	1672
3839	3327	1535	3771	3355	1681
4095	3327	1535	3989	3366	1691
0	3583	1535	1636	3538	1656
255	3583	1535	1660	3539	1657
511	3583	1535	1703	3539	1657
767	3583	1535	1771	3540	1659
1023	3583	1535	1863	3542	1660
1279	3583	1535	1977	3544	1662
1535	3583	1535	2111	3547	1665
1791	3583	1535	2262	3550	1668
2047	3583	1535	2427	3554	1672
2303	3583	1535	2603	3559	1677
2559	3583	1535	2789	3564	1682
2815	3583	1535	2983	3570	1688
3071	3583	1535	3183	3577	1695
3327	3583	1535	3388	3584	1703
3583	3583	1535	3598	3592	1711
3839	3583	1535	3811	3601	1720
4095	3583	1535	4027	3611	1730
0	3839	1535	1759	3791	1700
255	3839	1535	1782	3791	1700
511	3839	1535	1821	3792	1701
767	3839	1535	1884	3793	1702
1023	3839	1535	1969	3795	1704
1279	3839	1535	2076	3796	1706
1535	3839	1535	2202	3799	1708
1791	3839	1535	2346	3802	1712
2047	3839	1535	2504	3806	1715
2303	3839	1535	2674	3810	1720
2559	3839	1535	2854	3815	1725
2815	3839	1535	3043	3820	1731
3071	3839	1535	3238	3826	1737
3327	3839	1535	3439	3833	1745
3583	3839	1535	3644	3841	1753
3839	3839	1535	3854	3849	1762
4095	3839	1535	4067	3858	1771
0	4095	1535	1883	4044	1746
255	4095	1535	1903	4044	1746
511	4095	1535	1940	4045	1747
767	4095	1535	1998	4046	1748
1023	4095	1535	2077	4047	1749
1279	4095	1535	2178	4049	1751
1535	4095	1535	2297	4051	1754
1791	4095	1535	2434	4054	1757
2047	4095	1535	2585	4057	1761
2303	4095	1535	2749	4061	1765
2559	4095	1535	2923	4065	1770
2815	4095	1535	3106	4070	1776
3071	4095	1535	3296	4076	1782
3327	4095	1535	3493	4082	1789
3583	4095	1535	3695	4089	1797
3839	4095	1535	3899	4095	1805
4095	4095	1535	4095	4090	1808
0	0	1791	140	38	1595
255	0	1791	318	47	1596
511	0	1791	515	64	1596
767	0	1791	733	91	1598
1023	0	1791	959	129	1599
1279	0	1791	1190	180	1601
1535	0	1791	1422	236	1604
1791	0	1791	1656	293	1608
2047	0	1791	1890	352	1612
2303	0	1791	2125	411	1617
2559	0	1791	2361	471	1622
2815	0	1791	2596	532	1629
3071	0	1791	2832	593	1636
3327	0	1791	3069	654	1644
3583	0	1791	3305	715	1652
3839	0	1791	3541	777	1662
4095	0	1791	3777	838	1672
0	255	1791	186	277	1597
255	255	1791	347	283	1597
511	255	1791	534	294	1598
767	255	1791	746	311	1599
1023	255	1791	969	335	1601
1279	255	1791	1197	364	1603
1535	255	1791	1428	399	1606
1791	255	1791	1661	438	1610
2047	255	1791	1895	481	1614
2303	255	1791	2129	527	1619
2559	255	1791	2364	576	1624
2815	255	1791	2599	626	1631
3071	255	1791	2835	678	1638
3327	255	1791	3071	732	1645
3583	255	1791	3307	787	1654
3839	255	1791	3543	843	1663
4095	255	1791	3779	900	1674
0	511	1791	256	518	1600
255	511	1791	393	521	1601
511	511	1791	567	528	1602
767	511	1791	770	538	1603
1023	511	1791	987	553	1604
1279	511	1791	1211	572	1607
1535	511	1791	1439	595	1610
1791	511	1791	1670	622	1613
2047	511	1791	1903	653	1617
2303	511	1791	2136	688	1622
2559	511	1791	2370	725	1628
2815	511	1791	2605	766	1634
3071	511	1791	2840	809	1641
3327	511	1791	3075	854	1649
3583	511	1791	3311	900	1657
3839	511	1791	3547	949	1667
4095	511	1791	3783	999	1677
0	767	1791	347	765	1606
255	767	1791	461	768	1606
511	767	1791	616	772	1607
767	767	1791	806	779	1608
1023	767	1791	1015	789	1610
1279	767	1791	1233	802	1612
1535	767	1791	1457	819	1615
1791	767	1791	1685	838	1619
2047	767	1791	1915	861	1623
2303	767	1791	2147	887	1627
2559	767	1791	2380	916	1633
2815	767	1791	2613	948	1639
3071	767	1791	2847	982	1646
3327	767	1791	3082	1018	1654
3583	767	1791	3317	1057	1663
3839	767	1791	3552	1098	1672
4095	767	1791	3788	1140	1682
0	1023	1791	450	1015	1614
255	1023	1791	544	1017	1614
511	1023	1791	680	1020	1615
767	1023	1791	855	1026	1616
1023	1023	1791	1053	1033	1618
1279	1023	1791	1264	1043	1620
1535	1023	1791	1483	1055	1623
1791	1023	1791	1706	1070	1626
2047	1023	1791	1933	1087	1630
2303	1023	1791	2163	1107	1635
2559	1023	1791	2394	1130	1641
2815	1023	1791	2626	1155	1647
3071	1023	1791	2859	1182	1654
3327	1023	1791	3092	1212	1662
3583	1023	1791	3326	1244	1670
3839	1023	1791	3561	1278	1679
4095	1023	1791	3795	1313	1690
0	1279	1791	560	1267	1624
255	1279	1791	638	1268	1625
511	1279	1791	757	1271	1625
767	1279	1791	916	1275	1627
1023	1279	1791	1102	1280	1628
1279	1279	1791	1304	1288	1630
1535	1279	1791	1516	1298	1633
1791	1279	1791	1734	1309	1637
2047	1279	1791	1957	1323	1641
2303	1279	1791	2184	1339	1645
2559	1279	1791	2412	1357	1651
2815	1279	1791	2642	1377	1657
3071	1279	1791	2873	1399	1664
3327	1279	1791	3105	1424	1672
3583	1279	1791	3338	1450	1680
3839	1279	1791	3572	1479	1689
4095	1279	1791	3806	1509	1699
0	1535	1791	674	1518	1637
255	1535	1791	740	1520	1638
511	1535	1791	844	1522	1639
767	1535	1791	988	1525	1640
1023	1535	1791	1161	1529	1641
1279	1535	1791	1352	1536	1644
1535	1535	1791	1556	1543	1646
1791	1535	1791	1769	1553	1650
2047	1535	1791	1987	1564	1654
2303	1535	1791	2210	1577	1658
2559	1535	1791	2435	1592	1664
2815	1535	1791	2662	1609	1670
3071	1535	1791	2891	1627	1677
3327	1535	1791	3122	1647	1684
3583	1535	1791	3353	1670	1693
3839	1535	1791	3585	1694	1702
4095	1535	1791	3818	1719	1712
0	1791	1791	791	1771	1653
255	1791	1791	847	1771	1654
511	1791	1791	938	1773	1654
767	1791	1791	1068	1776	1656
1023	1791	1791	1228	1780	1657
1279	1791	1791	1409	1785	1659
1535	1791	1791	1605	1791	1662
1791	1791	1791	1810	1799	1665
2047	1791	1791	2023	1809	1669
2303	1791	1791	2241	1819	1674
2559	1791	1791	2463	1832	1679
2815	1791	1791	2687	1846	1685
3071	1791	1791	2914	1862	1692
3327	1791	1791	3142	1879	1700
3583	1791	1791	3372	1898	1708
3839	1791	1791	3602	1918	1717
4095	1791	1791	3834	1940	1727
0	2047	1791	910	2023	1672
255	2047	1791	958	2024	1673
511	2047	1791	1038	2025	1673
767	2047	1791	1156	2027	1674
1023	2047	1791	1303	2031	1676
1279	2047	1791	1473	2035	1678
1535	2047	1791	1660	2040	1681
1791	2047	1791	1858	2047	1684
2047	2047	1791	2065	2055	1688
2303	2047	1791	2278	2064	1693
2559	2047	1791	2495	2075	1698
2815	2047	1791	2716	2087	1704
3071	2047	1791	2940	2100	1711
3327	2047	1791	3166	2115	1718
3583	2047	1791	3394	2132	1726
3839	2047	1791	3622	2149	1735
4095	2047	1791	3852	2168	1745
0	2303	1791	1030	2275	1694
255	2303	1791	1072	2276	1694
511	2303	1791	1143	2277	1695
767	2303	1791	1249	2279	1696
1023	2303	1791	1385	2282	1698
1279	2303	1791	1545	2286	1700
1535	2303	1791	1722	2290	1702
1791	2303	1791	1912	2296	1706
2047	2303	1791	2113	2303	1709
2303	2303	1791	2320	2311	1714
2559	2303	1791	2533	2320	1719
2815	2303	1791	2750	2331	1725
3071	2303	1791	2971	2343	1732
3327	2303	1791	3194	2355	1739
3583	2303	1791	3419	2370	1747
3839	2303	1791	3646	2385	1756
4095	2303	1791	3874	2402	1765
0	2559	1791	1151	2528	1718
255	2559	1791	1188	2529	1719
511	2559	1791	1252	2530	1719
767	2559	1791	1348	2531	1720
1023	2559	1791	1473	2534	1722
1279	2559	1791	1622	2537	1724
1535	2559	1791	1790	2541	1727
1791	2559	1791	1973	2546	1730
2047	2559	1791	2166	2552	1734
2303	2559	1791	2367	2559	1738
2559	2559	1791	2575	2567	1743
2815	2559	1791	2788	2577	1749
3071	2559	1791	3005	2587	1755
3327	2559	1791	3225	2598	1763
3583	2559	1791	3448	2611	1771
3839	2559	1791	3672	2624	1779
4095	2559	1791	3898	2639	1789
0	2815	1791	1273	2781	1746
255	2815	1791	1306	2781	1746
511	2815	1791	1363	2782	1747
767	2815	1791	1450	2784	1748
1023	2815	1791	1566	2786	1749
1279	2815	1791	1705	2789	1751
1535	2815	1791	1864	2792	1754
1791	2815	1791	2038	2797	1757
2047	2815	1791	2224	2802	1761
2303	2815	1791	2420	2808	1765
2559	2815	1791	2623	2816	1770
2815	2815	1791	2831	2824	1776
3071	2815	1791	3044	2833	1782
3327	2815	1791	3261	2843	1789
3583	2815	1791	3480	2854	1797
3839	2815	1791	3702	2866	1805
4095	2815	1791	3926	2880	1815
0	3071	1791	1395	3033	1776
255	3071	1791	1425	3034	1776
511	3071	1791	1476	3035	1777
767	3071	1791	1556	3036	1778
1023	3071	1791	1663	3038	1779
1279	3071	1791	1793	3040	1781
1535	3071	1791	1943	3044	1784
1791	3071	1791	2109	3048	1787
2047	3071	1791	2288	3053	1791
2303	3071	1791	2477	3058	1795
2559	3071	1791	2675	3065	1800
2815	3071	1791	2878	3072	1805
3071	3071	1791	3087	3080	1812
3327	3071	1791	3300	3089	1819
3583	3071	1791	3516	3099	1826
3839	3071	1791	3735	3110	1834
4095	3071	1791	3957	3122	1844
0	3327	1791	1517	3286	1809
255	3327	1791	1544	3286	1809
511	3327	1791	1591	3287	1810
767	3327	1791	1664	3288	1811
1023	3327	1791	1763	3290	1812
1279	3327	1791	1885	3292	1814
1535	3327	1791	2027	3295	1817
1791	3327	1791	2185	3299	1820
2047	3327	1791	2357	3303	1823
2303	3327	1791	2539	3308	1827
2559	3327	1791	2731	3314	1832
2815	3327	1791	2930	3321	1838
3071	3327	1791	3134	3328	1844
3327	3327	1791	3343	3336	1851
3583	3327	1791	3556	3345	1858
3839	3327	1791	3772	3355	1866
4095	3327	1791	3991	3366	1875
0	3583	1791	1640	3539	1844
255	3583	1791	1665	3539	1845
511	3583	1791	1708	3540	1845
767	3583	1791	1775	3541	1846
1023	3583	1791	1866	3542	1848
1279	3583	1791	1980	3545	1850
1535	3583	1791	2114	3547	1852
1791	3583	1791	2265	3551	1855
2047	3583	1791	2429	3554	1859
2303	3583	1791	2606	3559	1863
2559	3583	1791	2792	3564	1867
2815	3583	1791	2985	3570	1873
3071	3583	1791	3185	3577	1879
3327	3583	1791	3390	3585	1885
3583	3583	1791	3599	3593	1892
3839	3583	1791	3812	3602	1900
4095	3583	1791	4028	3612	1909
0	3839	1791	1763	3791	1883
255	3839	1791	1786	3792	1883
511	3839	1791	1825	3792	1884
767	3839	1791	1887	3793	1885
1023	3839	1791	1972	3795	1886
1279	3839	1791	2079	3797	1888
1535	3839	1791	2205	3799	1890
1791	3839	1791	2349	3802	1893
2047	3839	1791	2506	3806	1896
2303	3839	1791	2676	3810	1900
2559	3839	1791	2856	3815	1905
2815	3839	1791	3044	3820	1910
3071	3839	1791	3240	3827	1916
3327	3839	1791	3440	3833	1922
3583	3839	1791	3646	3841	1929
3839	3839	1791	3855	3849	1937
4095	3839	1791	4068	3858	1946
0	4095	1791	1886	4044	1923
255	4095	1791	1907	4045	1924
511	4095	1791	1943	4045	1924
767	4095	1791	2001	4046	1925
1023	4095	1791	2080	4047	1926
1279	4095	1791	2181	4049	1928
1535	4095	1791	2300	4051	1930
1791	4095	1791	2436	4054	1933
2047	4095	1791	2587	4058	1937
2303	4095	1791	2751	4061	1940
2559	4095	1791	2925	4066	1945
2815	4095	1791	3108	4071	1950
3071	4095	1791	3298	4077	1956
3327	4095	1791	3494	4083	1962
3583	4095	1791	3696	4090	1969
3839	4095	1791	3900	4095	1975
4095	4095	1791	4095	4089	1977
0	0	2047	185	51	1826
255	0	2047	346	60	1827
511	0	2047	534	77	1827
767	0	2047	746	103	1828
1023	0	2047	969	142	1830
1279	0	2047	1197	192	1832
1535	0	2047	1428	245	1834
1791	0	2047	1661	301	1837
2047	0	2047	1894	359	1841
2303	0	2047	2129	417	1845
2559	0	2047	2364	477	1849
2815	0	2047	2599	537	1855
3071	0	2047	2835	597	1861
3327	0	2047	3071	658	1868
3583	0	2047	3307	719	1875
3839	0	2047	3543	780	1883
4095	0	2047	3779	841	1892
0	255	2047	226	285	1828
255	255	2047	373	292	1828
511	255	2047	552	302	1829
767	255	2047	759	319	1830
1023	255	2047	979	342	1831
1279	255	2047	1205	371	1833
1535	255	2047	1434	406	1836
1791	255	2047	1666	444	1839
2047	255	2047	1899	487	1842
2303	255	2047	2133	532	1846
2559	255	2047	2367	580	1851
2815	255	2047	2602	630	1856
3071	255	2047	2838	682	1862
3327	255	2047	3073	736	1869
3583	255	2047	3309	790	1876
3839	255	2047	3545	846	1884
4095	255	2047	3781	903	1893
0	511	2047	289	523	1831
255	511	2047	417	526	1831
511	511	2047	583	533	1832
767	511	2047	782	543	1833
1023	511	2047	996	558	1834
1279	511	2047	1218	576	1836
1535	511	2047	1445	599	1839
1791	511	2047	1675	627	1841
2047	511	2047	1907	657	1845
2303	511	2047	2140	692	1849
2559	511	2047	2373	729	1854
2815	511	2047	2608	769	1859
3071	511	2047	2842	812	1865
3327	511	2047	3077	857	1872
3583	511	2047	3313	903	1879
3839	511	2047	3549	952	1887
4095	511	2047	3784	1002	1896
0	767	2047	373	769	1835
255	767	2047	481	771	1836
511	767	2047	631	776	1836
767	767	2047	818	783	1837
1023	767	2047	1024	793	1839
1279	767	2047	1240	806	1841
1535	767	2047	1463	822	1843
1791	767	2047	1690	842	1846
2047	767	2047	1920	864	1850
2303	767	2047	2151	890	1854
2559	767	2047	2383	919	1858
2815	767	2047	2616	950	1864
3071	767	2047	2850	984	1870
3327	767	2047	3084	1021	1876
3583	767	2047	3319	1059	1884
3839	767	2047	3554	1100	1892
4095	767	2047	3790	1143	1900
0	1023	2047	471	1018	1842
255	1023	2047	561	1020	1843
511	1023	2047	694	1023	1843
767	1023	2047	866	1028	1844
1023	1023	2047	1062	1035	1846
1279	1023	2047	1271	1045	1847
1535	1023	2047	1488	1057	1850
1791	1023	2047	1711	1072	1853
2047	1023	2047	1938	1090	1856
2303	1023	2047	2166	1110	1860
2559	1023	2047	2397	1132	1865
2815	1023	2047	2628	1157	1870
3071	1023	2047	2861	1184	1876
3327	1023	2047	3094	1214	1883
3583	1023	2047	3328	1246	1890
3839	1023	2047	3563	1280	1898
4095	1023	2047	3797	1315	1907
0	1279	2047	577	1269	1851
255	1279	2047	653	1270	1851
511	1279	2047	769	1272	1852
767	1279	2047	926	1276	1853
1023	1279	2047	1110	1282	1854
1279	1279	2047	1310	1290	1856
1535	1279	2047	1521	1299	1859
1791	1279	2047	1739	1311	1862
2047	1279	2047	1962	1325	1865
2303	1279	2047	2187	1341	1869
2559	1279	2047	2415	1359	1874
2815	1279	2047	2645	1379	1879
3071	1279	2047	2876	1401	1885
3327	1279	2047	3108	1425	1892
3583	1279	2047	3340	1452	1899
3839	1279	2047	3573	1480	1907
4095	1279	2047	3807	1510	1915
0	1535	2047	688	1520	1862
255	1535	2047	752	1521	1863
511	1535	2047	855	1523	1863
767	1535	2047	997	1526	1864
1023	1535	2047	1168	1531	1866
1279	1535	2047	1359	1537	1867
1535	1535	2047	1562	1545	1870
1791	1535	2047	1774	1554	1873
2047	1535	2047	1991	1566	1876
2303	1535	2047	2213	1579	1880
2559	1535	2047	2438	1593	1885
2815	1535	2047	2665	1610	1890
3071	1535	2047	2894	1629	1896
3327	1535	2047	3124	1649	1902
3583	1535	2047	3355	1671	1910
3839	1535	2047	3587	1695	1917
4095	1535	2047	3820	1721	1926
0	1791	2047	803	1772	1876
255	1791	2047	858	1773	1876
511	1791	2047	948	1774	1877
767	1791	2047	1077	1777	1878
1023	1791	2047	1235	1781	1879
1279	1791	2047	1415	1786	1881
1535	1791	2047	1610	1793	1883
1791	1791	2047	1815	1800	1886
2047	1791	2047	2027	1810	1890
2303	1791	2047	2244	1821	1894
2559	1791	2047	2466	1833	1898
2815	1791	2047	2690	1847	1903
3071	1791	2047	2916	1863	1909
3327	1791	2047	3144	1880	1916
3583	1791	2047	3374	1899	1923
3839	1791	2047	3604	1919	1931
4095	1791	2047	3836	1941	1939
0	2047	2047	920	2024	1892
255	2047	2047	968	2025	1892
511	2047	2047	1047	2026	1893
767	2047	2047	1164	2028	1894
1023	2047	2047	1310	2032	1895
1279	2047	2047	1479	2036	1897
1535	2047	2047	1665	2041	1899
1791	2047	2047	1863	2048	1902
2047	2047	2047	2069	2056	1905
2303	2047	2047	2281	2065	1909
2559	2047	2047	2498	2076	1914
2815	2047	2047	2719	2088	1919
3071	2047	2047	2943	2102	1925
3327	2047	2047	3168	2116	1931
3583	2047	2047	3396	2133	1938
3839	2047	2047	3624	2150	1946
4095	2047	2047	3854	2169	1955
0	2303	2047	1039	2276	1910
255	2303	2047	1081	2277	1911
511	2303	2047	1151	2278	1911
767	2303	2047	1257	2280	1912
1023	2303	2047	1392	2283	1914
1279	2303	2047	1550	2287	1916
1535	2303	2047	1727	2291	1918
1791	2303	2047	1917	2297	1921
2047	2303	2047	2116	2304	1924
2303	2303	2047	2323	2312	1928
2559	2303	2047	2536	2321	1932
2815	2303	2047	2753	2332	1937
3071	2303	2047	2973	2343	1943
3327	2303	2047	3196	2356	1949
3583	2303	2047	3421	2371	1956
3839	2303	2047	3647	2386	1964
4095	2303	2047	3875	2403	1972
0	2559	2047	1159	2529	1932
255	2559	2047	1196	2529	1932
511	2559	2047	1259	2530	1933
767	2559	2047	1354	2532	1933
1023	2559	2047	1479	2535	1935
1279	2559	2047	1627	2538	1937
1535	2559	2047	1795	2542	1939
1791	2559	2047	1977	2547	1942
2047	2559	2047	2169	2553	1945
2303	2559	2047	2371	2560	1949
2559	2559	2047	2578	2568	1953
2815	2559	2047	2791	2577	1958
3071	2559	2047	3008	2588	1964
3327	2559	2047	3227	2599	1970
3583	2559	2047	3450	2612	1977
3839	2559	2047	3674	2625	1985
4095	2559	2047	3900	2640	1993
0	2815	2047	1280	2781	1955
255	2815	2047	1313	2782	1956
511	2815	2047	1369	2783	1956
767	2815	2047	1456	2784	1957
1023	2815	2047	1571	2786	1959
1279	2815	2047	1710	2789	1960
1535	2815	2047	1868	2793	1962
1791	2815	2047	2042	2797	1965
2047	2815	2047	2228	2803	1968
2303	2815	2047	2423	2809	1972
2559	2815	2047	2626	2816	1977
2815	2815	2047	2834	2824	1982
3071	2815	2047	3047	2834	1987
3327	2815	2047	3263	2844	1993
3583	2815	2047	3482	2855	2000
3839	2815	2047	3704	2867	2007
4095	2815	2047	3928	2880	2016
0	3071	2047	1401	3034	1982
255	3071	2047	1431	3034	1982
511	3071	2047	1482	3035	1983
767	3071	2047	1562	3037	1983
1023	3071	2047	1668	3038	1985
1279	3071	2047	1798	3041	1986
1535	3071	2047	1947	3044	1989
1791	3071	2047	2113	3048	1991
2047	3071	2047	2292	3053	1995
2303	3071	2047	2480	3059	1998
2559	3071	2047	2677	3065	2003
2815	3071	2047	2881	3072	2007
3071	3071	2047	3089	3081	2013
3327	3071	2047	3302	3090	2019
3583	3071	2047	3518	3100	2026
3839	3071	2047	3737	3111	2033
4095	3071	2047	3958	3123	2041
0	3327	2047	1523	3287	2010
255	3327	2047	1550	3287	2011
511	3327	2047	1597	3288	2011
767	3327	2047	1669	3289	2012
1023	3327	2047	1768	3291	2013
1279	3327	2047	1889	3293	2015
1535	3327	2047	2030	3296	2017
1791	3327	2047	2188	3300	2020
2047	3327	2047	2360	3304	2023
2303	3327	2047	2542	3309	2027
2559	3327	2047	2734	3315	2031
2815	3327	2047	2932	3321	2036
3071	3327	2047	3136	3329	2041
3327	3327	2047	3345	3337	2047
3583	3327	2047	3558	3346	2054
3839	3327	2047	3774	3356	2061
4095	3327	2047	3992	3367	2069
0	3583	2047	1645	3539	2042
255	3583	2047	1670	3540	2042
511	3583	2047	1712	3540	2043
767	3583	2047	1780	3541	2043
1023	3583	2047	1871	3543	2045
1279	3583	2047	1984	3545	2046
1535	3583	2047	2118	3548	2048
1791	3583	2047	2268	3551	2051
2047	3583	2047	2433	3555	2054
2303	3583	2047	2609	3560	2058
2559	3583	2047	2794	3565	2062
2815	3583	2047	2987	3571	2067
3071	3583	2047	3187	3578	2072
3327	3583	2047	3392	3585	2078
3583	3583	2047	3601	3593	2084
3839	3583	2047	3814	3602	2091
4095	3583	2047	4030	3612	2099
0	3839	2047	1768	3792	2075
255	3839	2047	1790	3792	2076
511	3839	2047	1829	3793	2076
767	3839	2047	1891	3794	2077
1023	3839	2047	1976	3795	2078
1279	3839	2047	2083	3797	2080
1535	3839	2047	2209	3800	2082
1791	3839	2047	2352	3803	2085
2047	3839	2047	2509	3806	2088
2303	3839	2047	2679	3811	2091
2559	3839	2047	2859	3815	2095
2815	3839	2047	3047	3821	2100
3071	3839	2047	3242	3827	2105
3327	3839	2047	3442	3834	2111
3583	3839	2047	3648	3841	2117
3839	3839	2047	3857	3850	2124
4095	3839	2047	4070	3859	2131
0	4095	2047	1890	4045	2111
255	4095	2047	1911	4045	2112
511	4095	2047	1947	4046	2112
767	4095	2047	2005	4047	2113
1023	4095	2047	2084	4048	2114
1279	4095	2047	2184	4050	2116
1535	4095	2047	2303	4052	2118
1791	4095	2047	2439	4055	2120
2047	4095	2047	2590	4058	2123
2303	4095	2047	2753	4062	2127
2559	4095	2047	2927	4066	2131
2815	4095	2047	3110	4071	2135
3071	4095	2047	3300	4077	2140
3327	4095	2047	3496	4083	2146
3583	4095	2047	3698	4090	2152
3839	4095	2047	3901	4095	2157
4095	4095	2047	4095	4088	2157
0	0	2303	231	66	2057
255	0	2303	376	75	2058
511	0	2303	554	91	2058
767	0	2303	761	118	2059
1023	0	2303	980	157	2060
1279	0	2303	1206	205	2062
1535	0	2303	1435	257	2064
1791	0	2303	1667	311	2067
2047	0	2303	1899	367	2070
2303	0	2303	2133	425	2073
2559	0	2303	2368	483	2077
2815	0	2303	2603	542	2082
3071	0	2303	2838	602	2087
3327	0	2303	3074	662	2093
3583	0	2303	3309	723	2099
3839	0	2303	3545	784	2106
4095	0	2303	3781	845	2114
0	255	2303	267	295	2059
255	255	2303	401	301	2059
511	255	2303	572	312	2060
767	255	2303	774	328	2061
1023	255	2303	990	351	2062
1279	255	2303	1213	379	2063
1535	255	2303	1441	413	2066
1791	255	2303	1672	451	2068
2047	255	2303	1904	493	2071
2303	255	2303	2137	538	2075
2559	255	2303	2371	585	2079
2815	255	2303	2606	635	2083
3071	255	2303	2841	687	2089
3327	255	2303	3076	740	2094
3583	255	2303	3311	794	2101
3839	255	2303	3547	850	2108
4095	255	2303	3783	906	2115
0	511	2303	324	529	2061
255	511	2303	443	532	2062
511	511	2303	602	539	2062
767	511	2303	796	549	2063
1023	511	2303	1007	563	2064
1279	511	2303	1227	582	2066
1535	511	2303	1452	605	2068
1791	511	2303	1681	631	2071
2047	511	2303	1912	662	2074
2303	511	2303	2144	696	2077
2559	511	2303	2377	733	2081
2815	511	2303	2611	773	2086
3071	511	2303	2845	815	2091
3327	511	2303	3080	860	2097
3583	511	2303	3315	907	2103
3839	511	2303	3551	955	2110
4095	511	2303	3786	1004	2118
0	767	2303	401	773	2065
255	767	2303	504	775	2066
511	767	2303	649	779	2066
767	767	2303	831	786	2067
1023	767	2303	1034	796	2068
1279	767	2303	1249	809	2070
1535	767	2303	1470	826	2072
1791	767	2303	1696	845	2075
2047	767	2303	1924	868	2078
2303	767	2303	2155	893	2081
2559	767	2303	2387	922	2085
2815	767	2303	2619	953	2090
3071	767	2303	2853	987	2095
3327	767	2303	3087	1024	2101
3583	767	2303	3322	1062	2107
3839	767	2303	3556	1103	2114
4095	767	2303	3792	1145	2122
0	1023	2303	494	1021	2071
255	1023	2303	581	1023	2071
511	1023	2303	710	1026	2072
767	1023	2303	879	1031	2073
1023	1023	2303	1072	1038	2074
1279	1023	2303	1279	1048	2076
1535	1023	2303	1495	1060	2078
1791	1023	2303	1717	1075	2080
2047	1023	2303	1943	1092	2083
2303	1023	2303	2171	1112	2087
2559	1023	2303	2400	1135	2091
2815	1023	2303	2632	1159	2095
3071	1023	2303	2864	1187	2101
3327	1023	2303	3097	1216	2106
3583	1023	2303	3331	1248	2113
3839	1023	2303	3565	1282	2120
4095	1023	2303	3799	1317	2127
0	1279	2303	596	1271	2079
255	1279	2303	670	1272	2079
511	1279	2303	783	1275	2080
767	1279	2303	938	1279	2080
1023	1279	2303	1120	1284	2082
1279	1279	2303	1318	1292	2083
1535	1279	2303	1528	1302	2085
1791	1279	2303	1745	1313	2088
2047	1279	2303	1966	1327	2091
2303	1279	2303	2191	1343	2094
2559	1279	2303	2419	1361	2098
2815	1279	2303	2648	1381	2103
3071	1279	2303	2879	1403	2108
3327	1279	2303	3110	1427	2114
3583	1279	2303	3343	1454	2120
3839	1279	2303	3576	1482	2127
4095	1279	2303	3809	1512	2135
0	1535	2303	704	1522	2088
255	1535	2303	767	1523	2089
511	1535	2303	867	1525	2089
767	1535	2303	1008	1528	2090
1023	1535	2303	1177	1533	2091
1279	1535	2303	1366	1539	2093
1535	1535	2303	1568	1547	2095
1791	1535	2303	1779	1556	2097
2047	1535	2303	1996	1567	2100
2303	1535	2303	2217	1580	2104
2559	1535	2303	2442	1595	2108
2815	1535	2303	2668	1612	2113
3071	1535	2303	2897	1630	2118
3327	1535	2303	3127	1650	2123
3583	1535	2303	3358	1673	2130
3839	1535	2303	3589	1696	2137
4095	1535	2303	3822	1722	2144
0	1791	2303	817	1773	2100
255	1791	2303	871	1774	2101
511	1791	2303	959	1776	2101
767	1791	2303	1086	1779	2102
1023	1791	2303	1244	1782	2103
1279	1791	2303	1422	1788	2105
1535	1791	2303	1616	1794	2107
1791	1791	2303	1820	1802	2109
2047	1791	2303	2032	1811	2112
2303	1791	2303	2249	1822	2116
2559	1791	2303	2469	1835	2120
2815	1791	2303	2693	1849	2124
3071	1791	2303	2919	1864	2129
3327	1791	2303	3147	1881	2135
3583	1791	2303	3376	1900	2141
3839	1791	2303	3606	1921	2148
4095	1791	2303	3838	1943	2155
0	2047	2303	932	2025	2114
255	2047	2303	979	2026	2114
511	2047	2303	1057	2027	2115
767	2047	2303	1173	2030	2116
1023	2047	2303	1318	2033	2117
1279	2047	2303	1486	2037	2119
1535	2047	2303	1671	2043	2121
1791	2047	2303	1868	2049	2123
2047	2047	2303	2073	2057	2126
2303	2047	2303	2285	2067	2129
2559	2047	2303	2502	2077	2133
2815	2047	2303	2722	2089	2138
3071	2047	2303	2945	2103	2143
3327	2047	2303	3171	2118	2149
3583	2047	2303	3398	2134	2155
3839	2047	2303	3626	2151	2162
4095	2047	2303	3856	2171	2169
0	2303	2303	1049	2277	2130
255	2303	2303	1091	2278	2131
511	2303	2303	1160	2279	2131
767	2303	2303	1265	2281	2132
1023	2303	2303	1399	2284	2133
1279	2303	2303	1557	2288	2135
1535	2303	2303	1732	2292	2137
1791	2303	2303	1922	2298	2139
2047	2303	2303	2121	2305	2142
2303	2303	2303	2327	2313	2146
2559	2303	2303	2539	2322	2149
2815	2303	2303	2756	2333	2154
3071	2303	2303	2976	2345	2159
3327	2303	2303	3199	2357	2164
3583	2303	2303	3423	2372	2171
3839	2303	2303	3650	2387	2177
4095	2303	2303	3877	2404	2185
0	2559	2303	1168	2530	2149
255	2559	2303	1205	2530	2149
511	2559	2303	1267	2531	2150
767	2559	2303	1362	2533	2150
1023	2559	2303	1486	2535	2152
1279	2559	2303	1633	2539	2153
1535	2559	2303	1800	2543	2155
1791	2559	2303	1981	2548	2158
2047	2559	2303	2174	2554	2160
2303	2559	2303	2374	2561	2164
2559	2559	2303	2582	2569	2168
2815	2559	2303	2794	2578	2172
3071	2559	2303	3011	2589	2177
3327	2559	2303	3230	2600	2183
3583	2559	2303	3452	2612	2189
3839	2559	2303	3676	2626	2195
4095	2559	2303	3902	2641	2202
0	2815	2303	1288	2782	2170
255	2815	2303	1320	2783	2170
511	2815	2303	1377	2784	2170
767	2815	2303	1463	2785	2171
1023	2815	2303	1578	2787	2172
1279	2815	2303	1716	2790	2174
1535	2815	2303	1873	2794	2176
1791	2815	2303	2047	2798	2178
2047	2815	2303	2232	2804	2181
2303	2815	2303	2427	2810	2184
2559	2815	2303	2629	2817	2188
2815	2815	2303	2837	2825	2193
3071	2815	2303	3049	2834	2198
3327	2815	2303	3265	2844	2203
3583	2815	2303	3485	2856	2209
3839	2815	2303	3706	2868	2216
4095	2815	2303	3930	2881	2223
0	3071	2303	1408	3035	2193
255	3071	2303	1438	3035	2193
511	3071	2303	1489	3036	2194
767	3071	2303	1568	3037	2194
1023	3071	2303	1674	3039	2195
1279	3071	2303	1803	3042	2197
1535	3071	2303	1952	3045	2199
1791	3071	2303	2117	3049	2201
2047	3071	2303	2295	3054	2204
2303	3071	2303	2484	3059	2207
2559	3071	2303	2681	3066	2211
2815	3071	2303	2884	3073	2215
3071	3071	2303	3092	3081	2220
3327	3071	2303	3305	3090	2226
3583	3071	2303	3521	3101	2232
3839	3071	2303	3739	3111	2238
4095	3071	2303	3960	3123	2245
0	3327	2303	1529	3287	2218
255	3327	2303	1556	3288	2218
511	3327	2303	1603	3288	2219
767	3327	2303	1675	3290	2220
1023	3327	2303	1773	3291	2221
1279	3327	2303	1894	3294	2222
1535	3327	2303	2035	3297	2224
1791	3327	2303	2193	3300	2227
2047	3327	2303	2364	3305	2229
2303	3327	2303	2546	3310	2233
2559	3327	2303	2737	3315	2236
2815	3327	2303	2935	3322	2241
3071	3327	2303	3139	3329	2245
3327	3327	2303	3348	3338	2251
3583	3327	2303	3560	3347	2256
3839	3327	2303	3776	3357	2263
4095	3327	2303	3994	3367	2270
0	3583	2303	1651	3540	2246
255	3583	2303	1675	3540	2246
511	3583	2303	1718	3541	2247
767	3583	2303	1785	3542	2247
1023	3583	2303	1876	3544	2248
1279	3583	2303	1989	3546	2250
1535	3583	2303	2122	3548	2252
1791	3583	2303	2272	3552	2254
2047	3583	2303	2436	3556	2257
2303	3583	2303	2612	3560	2260
2559	3583	2303	2797	3565	2264
2815	3583	2303	2990	3571	2268
3071	3583	2303	3190	3578	2272
3327	3583	2303	3394	3586	2278
3583	3583	2303	3603	3594	2283
3839	3583	2303	3816	3603	2290
4095	3583	2303	4031	3613	2297
0	3839	2303	1773	3793	2276
255	3839	2303	1796	3793	2276
511	3839	2303	1835	3794	2276
767	3839	2303	1897	3795	2277
1023	3839	2303	1981	3796	2278
1279	3839	2303	2087	3798	2280
1535	3839	2303	2213	3800	2282
1791	3839	2303	2356	3803	2284
2047	3839	2303	2513	3807	2286
2303	3839	2303	2682	3811	2290
2559	3839	2303	2862	3816	2293
2815	3839	2303	3050	3821	2297
3071	3839	2303	3244	3828	2302
3327	3839	2303	3445	3834	2307
3583	3839	2303	3650	3842	2313
3839	3839	2303	3859	3850	2319
4095	3839	2303	4072	3859	2326
0	4095	2303	1896	4045	2308
255	4095	2303	1916	4046	2308
511	4095	2303	1952	4046	2308
767	4095	2303	2010	4047	2309
1023	4095	2303	2089	4048	2310
1279	4095	2303	2188	4050	2312
1535	4095	2303	2307	4052	2314
1791	4095	2303	2443	4055	2316
2047	4095	2303	2593	4058	2318
2303	4095	2303	2757	4062	2321
2559	4095	2303	2930	4067	2325
2815	4095	2303	3113	4072	2329
3071	4095	2303	3303	4077	2334
3327	4095	2303	3499	4084	2339
3583	4095	2303	3700	4091	2344
3839	4095	2303	3903	4095	2348
4095	4095	2303	4095	4086	2345
0	0	2559	277	83	2289
255	0	2559	408	92	2289
511	0	2559	577	109	2289
767	0	2559	777	135	2290
1023	0	2559	993	174	2291
1279	0	2559	1216	219	2293
1535	0	2559	1443	269	2294
1791	0	2559	1673	322	2297
2047	0	2559	1905	376	2299
2303	0	2559	2138	433	2302
2559	0	2559	2372	490	2306
2815	0	2559	2607	549	2310
3071	0	2559	2841	608	2315
3327	0	2559	3077	668	2320
3583	0	2559	3312	728	2325
3839	0	2559	3548	788	2332
4095	0	2559	3784	849	2338
0	255	2559	309	307	2290
255	255	2559	432	312	2290
511	255	2559	594	323	2291
767	255	2559	790	339	2291
1023	255	2559	1002	361	2292
1279	255	2559	1223	389	2294
1535	255	2559	1449	421	2296
1791	255	2559	1678	459	2298
2047	255	2559	1910	500	2301
2303	255	2559	2142	544	2304
2559	255	2559	2375	591	2307
2815	255	2559	2609	641	2311
3071	255	2559	2844	692	2316
3327	255	2559	3079	745	2321
3583	255	2559	3314	799	2327
3839	255	2559	3550	854	2333
4095	255	2559	3785	910	2339
0	511	2559	360	535	2292
255	511	2559	471	539	2292
511	511	2559	623	545	2293
767	511	2559	812	555	2293
1023	511	2559	1019	569	2295
1279	511	2559	1237	588	2296
1535	511	2559	1460	610	2298
1791	511	2559	1688	637	2300
2047	511	2559	1917	667	2303
2303	511	2559	2149	701	2306
2559	511	2559	2381	738	2309
2815	511	2559	2615	778	2313
3071	511	2559	2849	820	2318
3327	511	2559	3083	864	2323
3583	511	2559	3318	910	2329
3839	511	2559	3553	958	2335
4095	511	2559	3789	1008	2341
0	767	2559	432	777	2295
255	767	2559	529	780	2296
511	767	2559	668	784	2296
767	767	2559	846	791	2297
1023	767	2559	1046	801	2298
1279	767	2559	1258	814	2299
1535	767	2559	1478	830	2301
1791	767	2559	1702	849	2304
2047	767	2559	1930	872	2306
2303	767	2559	2160	897	2309
2559	767	2559	2391	926	2313
2815	767	2559	2623	957	2317
3071	767	2559	2856	991	2321
3327	767	2559	3090	1027	2327
3583	767	2559	3324	1065	2332
3839	767	2559	3559	1106	2338
4095	767	2559	3794	1148	2345
0	1023	2559	519	1024	2301
255	1023	2559	603	1026	2301
511	1023	2559	728	1029	2301
767	1023	2559	893	1034	2302
1023	1023	2559	1083	1042	2303
1279	1023	2559	1288	1051	2305
1535	1023	2559	1503	1063	2306
1791	1023	2559	1724	1078	2309
2047	1023	2559	1948	1095	2311
2303	1023	2559	2175	1115	2314
2559	1023	2559	2405	1138	2318
2815	1023	2559	2636	1162	2322
3071	1023	2559	2867	1189	2326
3327	1023	2559	3100	1219	2331
3583	1023	2559	3333	1251	2337
3839	1023	2559	3567	1284	2343
4095	1023	2559	3802	1320	2350
0	1279	2559	617	1273	2307
255	1279	2559	689	1275	2308
511	1279	2559	800	1277	2308
767	1279	2559	951	1281	2309
1023	1279	2559	1130	1287	2310
1279	1279	2559	1327	1295	2311
1535	1279	2559	1535	1304	2313
1791	1279	2559	1751	1316	2315
2047	1279	2559	1972	1329	2318
2303	1279	2559	2196	1345	2321
2559	1279	2559	2423	1363	2324
2815	1279	2559	2652	1383	2329
3071	1279	2559	2882	1405	2333
3327	1279	2559	3113	1430	2338
3583	1279	2559	3345	1456	2344
3839	1279	2559	3578	1484	2350
4095	1279	2559	3812	1514	2356
0	1535	2559	722	1524	2316
255	1535	2559	784	1525	2316
511	1535	2559	882	1527	2316
767	1535	2559	1020	1530	2317
1023	1535	2559	1187	1535	2318
1279	1535	2559	1375	1541	2320
1535	1535	2559	1575	1549	2321
1791	1535	2559	1785	1558	2324
2047	1535	2559	2001	1569	2326
2303	1535	2559	2222	1582	2329
2559	1535	2559	2446	1597	2333
2815	1535	2559	2672	1614	2337
3071	1535	2559	2900	1632	2341
3327	1535	2559	3130	1652	2346
3583	1535	2559	3360	1674	2352
3839	1535	2559	3592	1698	2358
4095	1535	2559	3824	1724	2365
0	1791	2559	832	1775	2326
255	1791	2559	885	1776	2326
511	1791	2559	972	1778	2327
767	1791	2559	1098	1780	2328
1023	1791	2559	1253	1784	2329
1279	1791	2559	1430	1789	2330
1535	1791	2559	1623	1796	2332
1791	1791	2559	1826	1804	2334
2047	1791	2559	2037	1813	2337
2303	1791	2559	2253	1824	2340
2559	1791	2559	2473	1836	2343
2815	1791	2559	2697	1850	2347
3071	1791	2559	2922	1866	2352
3327	1791	2559	3150	1883	2357
3583	1791	2559	3379	1902	2362
3839	1791	2559	3609	1922	2368
4095	1791	2559	3840	1944	2375
0	2047	2559	945	2027	2338
255	2047	2559	992	2027	2339
511	2047	2559	1069	2029	2339
767	2047	2559	1183	2031	2340
1023	2047	2559	1327	2034	2341
1279	2047	2559	1494	2039	2342
1535	2047	2559	1678	2044	2344
1791	2047	2559	1874	2051	2346
2047	2047	2559	2078	2059	2349
2303	2047	2559	2290	2068	2352
2559	2047	2559	2506	2079	2355
2815	2047	2559	2726	2091	2359
3071	2047	2559	2949	2104	2364
3327	2047	2559	3174	2119	2369
3583	2047	2559	3401	2135	2374
3839	2047	2559	3629	2153	2380
4095	2047	2559	3858	2172	2387
0	2303	2559	1061	2279	2353
255	2303	2559	1102	2279	2353
511	2303	2559	1171	2280	2353
767	2303	2559	1274	2282	2354
1023	2303	2559	1407	2285	2355
1279	2303	2559	1564	2289	2356
1535	2303	2559	1739	2294	2358
1791	2303	2559	1927	2300	2360
2047	2303	2559	2126	2306	2363
2303	2303	2559	2332	2314	2366
2559	2303	2559	2543	2324	2369
2815	2303	2559	2760	2334	2373
3071	2303	2559	2979	2346	2378
3327	2303	2559	3201	2359	2383
3583	2303	2559	3426	2373	2388
3839	2303	2559	3652	2388	2394
4095	2303	2559	3880	2405	2401
0	2559	2559	1178	2531	2369
255	2559	2559	1215	2531	2369
511	2559	2559	1276	2532	2370
767	2559	2559	1371	2534	2370
1023	2559	2559	1493	2537	2371
1279	2559	2559	1640	2540	2373
1535	2559	2559	1806	2544	2374
1791	2559	2559	1987	2549	2377
2047	2559	2559	2178	2555	2379
2303	2559	2559	2379	2562	2382
2559	2559	2559	2586	2570	2386
2815	2559	2559	2798	2579	2390
3071	2559	2559	3014	2590	2394
3327	2559	2559	3233	2601	2399
3583	2559	2559	3455	2614	2404
3839	2559	2559	3679	2627	2410
4095	2559	2559	3904	2642	2416
0	2815	2559	1297	2783	2387
255	2815	2559	1329	2784	2388
511	2815	2559	1385	2785	2388
767	2815	2559	1471	2786	2389
1023	2815	2559	1585	2788	2390
1279	2815	2559	1722	2791	2391
1535	2815	2559	1879	2795	2393
1791	2815	2559	2052	2799	2395
2047	2815	2559	2237	2805	2397
2303	2815	2559	2431	2811	2400
2559	2815	2559	2633	2818	2404
2815	2815	2559	2840	2826	2408
3071	2815	2559	3052	2835	2412
3327	2815	2559	3268	2845	2417
3583	2815	2559	3487	2857	2422
3839	2815	2559	3708	2869	2428
4095	2815	2559	3932	2882	2434
0	3071	2559	1416	3035	2408
255	3071	2559	1446	3036	2408
511	3071	2559	1497	3037	2408
767	3071	2559	1575	3038	2409
1023	3071	2559	1680	3040	2410
1279	3071	2559	1809	3043	2412
1535	3071	2559	1958	3046	2413
1791	3071	2559	2122	3050	2415
2047	3071	2559	2300	3055	2418
2303	3071	2559	2488	3060	2421
2559	3071	2559	2684	3067	2424
2815	3071	2559	2887	3074	2428
3071	3071	2559	3095	3082	2432
3327	3071	2559	3307	3091	2437
3583	3071	2559	3523	3101	2442
3839	3071	2559	3742	3112	2448
4095	3071	2559	3963	3124	2454
0	3327	2559	1537	3288	2430
255	3327	2559	1563	3288	2431
511	3327	2559	1610	3289	2431
767	3327	2559	1682	3290	2432
1023	3327	2559	1779	3292	2433
1279	3327	2559	1900	3294	2434
1535	3327	2559	2040	3297	2436
1791	3327	2559	2197	3301	2438
2047	3327	2559	2368	3305	2440
2303	3327	2559	2550	3310	2443
2559	3327	2559	2740	3316	2446
2815	3327	2559	2938	3323	2450
3071	3327	2559	3142	3330	2454
3327	3327	2559	3350	3338	2459
3583	3327	2559	3563	3347	2464
3839	3327	2559	3778	3357	2470
4095	3327	2559	3997	3368	2476
0	3583	2559	1658	3541	2455
255	3583	2559	1682	3541	2455
511	3583	2559	1725	3542	2456
767	3583	2559	1791	3543	2456
1023	3583	2559	1882	3544	2457
1279	3583	2559	1995	3546	2459
1535	3583	2559	2127	3549	2460
1791	3583	2559	2277	3552	2462
2047	3583	2559	2440	3556	2465
2303	3583	2559	2616	3561	2468
2559	3583	2559	2801	3566	2471
2815	3583	2559	2993	3572	2475
3071	3583	2559	3193	3579	2479
3327	3583	2559	3397	3586	2483
3583	3583	2559	3606	3595	2489
3839	3583	2559	3818	3604	2494
4095	3583	2559	4034	3613	2500
0	3839	2559	1779	3793	2482
255	3839	2559	1802	3794	2482
511	3839	2559	1841	3794	2482
767	3839	2559	1902	3795	2483
1023	3839	2559	1987	3797	2484
1279	3839	2559	2092	3799	2485
1535	3839	2559	2218	3801	2487
1791	3839	2559	2360	3804	2489
2047	3839	2559	2517	3808	2491
2303	3839	2559	2686	3812	2494
2559	3839	2559	2865	3817	2497
2815	3839	2559	3053	3822	2501
3071	3839	2559	3247	3828	2505
3327	3839	2559	3447	3835	2510
3583	3839	2559	3652	3843	2515
3839	3839	2559	3861	3851	2520
4095	3839	2559	4074	3860	2526
0	4095	2559	1901	4046	2510
255	4095	2559	1922	4046	2511
511	4095	2559	1958	4047	2511
767	4095	2559	2015	4048	2512
1023	4095	2559	2094	4049	2513
1279	4095	2559	2193	4051	2514
1535	4095	2559	2312	4053	2516
1791	4095	2559	2447	4056	2518
2047	4095	2559	2597	4059	2520
2303	4095	2559	2760	4063	2523
2559	4095	2559	2933	4067	2526
2815	4095	2559	3116	4072	2530
3071	4095	2559	3305	4078	2534
3327	4095	2559	3501	4084	2538
3583	4095	2559	3702	4091	2543
3839	4095	2559	3904	4095	2546
4095	4095	2559	4095	4085	2541
0	0	2815	324	102	2520
255	0	2815	443	112	2520
511	0	2815	602	128	2520
767	0	2815	796	155	2521
1023	0	2815	1007	192	2522
1279	0	2815	1227	235	2523
1535	0	2815	1452	282	2525
1791	0	2815	1681	333	2527
2047	0	2815	1912	387	2529
2303	0	2815	2144	442	2532
2559	0	2815	2377	499	2535
2815	0	2815	2611	556	2539
3071	0	2815	2845	615	2543
3327	0	2815	3080	674	2547
3583	0	2815	3315	733	2552
3839	0	2815	3551	793	2558
4095	0	2815	3786	854	2564
0	255	2815	352	319	2521
255	255	2815	465	324	2521
511	255	2815	619	334	2521
767	255	2815	808	350	2522
1023	255	2815	1016	371	2523
1279	255	2815	1234	399	2524
1535	255	2815	1458	431	2526
1791	255	2815	1686	467	2528
2047	255	2815	1916	508	2530
2303	255	2815	2148	552	2533
2559	255	2815	2380	598	2536
2815	255	2815	2614	647	2540
3071	255	2815	2848	698	2544
3327	255	2815	3083	750	2548
3583	255	2815	3317	804	2553
3839	255	2815	3553	858	2559
4095	255	2815	3788	914	2565
0	511	2815	398	543	2523
255	511	2815	501	546	2523
511	511	2815	647	552	2523
767	511	2815	829	562	2524
1023	511	2815	1033	577	2525
1279	511	2815	1248	595	2526
1535	511	2815	1469	617	2528
1791	511	2815	1695	643	2530
2047	511	2815	1924	673	2532
2303	511	2815	2154	707	2535
2559	511	2815	2386	743	2538
2815	511	2815	2619	783	2542
3071	511	2815	2853	825	2546
3327	511	2815	3087	869	2550
3583	511	2815	3321	915	2555
3839	511	2815	3556	962	2561
4095	511	2815	3791	1012	2567
0	767	2815	465	782	2526
255	767	2815	556	785	2526
511	767	2815	690	789	2526
767	767	2815	863	796	2527
1023	767	2815	1059	806	2528
1279	767	2815	1269	819	2529
1535	767	2815	1487	835	2531
1791	767	2815	1710	854	2533
2047	767	2815	1936	876	2535
2303	767	2815	2165	902	2538
2559	767	2815	2396	930	2541
2815	767	2815	2628	961	2545
3071	767	2815	2860	995	2549
3327	767	2815	3094	1031	2553
3583	767	2815	3328	1069	2558
3839	767	2815	3562	1109	2564
4095	767	2815	3797	1151	2570
0	1023	2815	547	1028	2530
255	1023	2815	627	1030	2531
511	1023	2815	748	1033	2531
767	1023	2815	909	1038	2532
1023	1023	2815	1096	1045	2533
1279	1023	2815	1299	1055	2534
1535	1023	2815	1512	1067	2535
1791	1023	2815	1731	1082	2537
2047	1023	2815	1954	1099	2540
2303	1023	2815	2181	1119	2542
2559	1023	2815	2410	1141	2546
2815	1023	2815	2640	1166	2549
3071	1023	2815	2871	1193	2553
3327	1023	2815	3104	1222	2558
3583	1023	2815	3337	1254	2563
3839	1023	2815	3570	1287	2568
4095	1023	2815	3804	1323	2574
0	1279	2815	641	1276	2536
255	1279	2815	710	1278	2536
511	1279	2815	818	1280	2537
767	1279	2815	966	1284	2538
1023	1279	2815	1143	1290	2538
1279	1279	2815	1337	1297	2540
1535	1279	2815	1544	1307	2541
1791	1279	2815	1758	1318	2543
2047	1279	2815	1978	1332	2546
2303	1279	2815	2202	1348	2548
2559	1279	2815	2428	1366	2552
2815	1279	2815	2656	1386	2555
3071	1279	2815	2886	1408	2559
3327	1279	2815	3117	1432	2564
3583	1279	2815	3349	1458	2569
3839	1279	2815	3581	1487	2574
4095	1279	2815	3814	1517	2580
0	1535	2815	742	1526	2544
255	1535	2815	802	1527	2544
511	1535	2815	898	1529	2544
767	1535	2815	1034	1533	2545
1023	1535	2815	1199	1537	2546
1279	1535	2815	1384	1543	2547
1535	1535	2815	1584	1551	2549
1791	1535	2815	1792	1560	2551
2047	1535	2815	2007	1572	2553
2303	1535	2815	2227	1584	2556
2559	1535	2815	2451	1599	2559
2815	1535	2815	2676	1616	2563
3071	1535	2815	2904	1634	2567
3327	1535	2815	3133	1654	2571
3583	1535	2815	3364	1677	2576
3839	1535	2815	3595	1700	2581
4095	1535	2815	3827	1726	2587
0	1791	2815	849	1777	2553
255	1791	2815	901	1778	2553
511	1791	2815	987	1780	2554
767	1791	2815	1110	1782	2554
1023	1791	2815	1264	1786	2555
1279	1791	2815	1440	1791	2556
1535	1791	2815	1631	1798	2558
1791	1791	2815	1833	1805	2560
2047	1791	2815	2043	1815	2562
2303	1791	2815	2258	1826	2565
2559	1791	2815	2478	1838	2568
2815	1791	2815	2701	1852	2572
3071	1791	2815	2926	1868	2576
3327	1791	2815	3153	1885	2580
3583	1791	2815	3382	1904	2585
3839	1791	2815	3612	1924	2590
4095	1791	2815	3842	1946	2596
0	2047	2815	960	2028	2564
255	2047	2815	1006	2029	2564
511	2047	2815	1082	2031	2564
767	2047	2815	1194	2033	2565
1023	2047	2815	1337	2036	2566
1279	2047	2815	1503	2040	2567
1535	2047	2815	1685	2046	2569
1791	2047	2815	1880	2052	2571
2047	2047	2815	2084	2060	2573
2303	2047	2815	2295	2070	2576
2559	2047	2815	2511	2080	2579
2815	2047	2815	2730	2092	2582
3071	2047	2815	2952	2106	2586
3327	2047	2815	3177	2120	2591
3583	2047	2815	3404	2137	2596
3839	2047	2815	3632	2154	2601
4095	2047	2815	3861	2173	2607
0	2303	2815	1074	2280	2577
255	2303	2815	1114	2281	2577
511	2303	2815	1182	2282	2577
767	2303	2815	1285	2284	2578
1023	2303	2815	1417	2287	2579
1279	2303	2815	1572	2290	2580
1535	2303	2815	1746	2295	2582
1791	2303	2815	1934	2301	2583
2047	2303	2815	2131	2308	2586
2303	2303	2815	2337	2316	2588
2559	2303	2815	2548	2325	2592
2815	2303	2815	2764	2335	2595
3071	2303	2815	2983	2347	2599
3327	2303	2815	3205	2360	2603
3583	2303	2815	3429	2374	2608
3839	2303	2815	3655	2390	2613
4095	2303	2815	3882	2406	2619
0	2559	2815	1190	2532	2591
255	2559	2815	1226	2533	2591
511	2559	2815	1287	2534	2592
767	2559	2815	1380	2535	2592
1023	2559	2815	1502	2538	2593
1279	2559	2815	1648	2541	2594
1535	2559	2815	1813	2545	2596
1791	2559	2815	1993	2550	2598
2047	2559	2815	2184	2556	2600
2303	2559	2815	2384	2563	2603
2559	2559	2815	2590	2571	2606
2815	2559	2815	2802	2581	2609
3071	2559	2815	3017	2591	2613
3327	2559	2815	3236	2602	2618
3583	2559	2815	3458	2615	2622
3839	2559	2815	3681	2628	2628
4095	2559	2815	3907	2643	2633
0	2815	2815	1307	2784	2607
255	2815	2815	1339	2785	2608
511	2815	2815	1395	2786	2608
767	2815	2815	1480	2787	2609
1023	2815	2815	1593	2789	2610
1279	2815	2815	1730	2792	2611
1535	2815	2815	1886	2796	2612
1791	2815	2815	2058	2800	2614
2047	2815	2815	2242	2806	2617
2303	2815	2815	2436	2812	2619
2559	2815	2815	2637	2819	2622
2815	2815	2815	2844	2827	2626
3071	2815	2815	3056	2836	2630
3327	2815	2815	3272	2847	2634
3583	2815	2815	3490	2858	2639
3839	2815	2815	3711	2870	2644
4095	2815	2815	3934	2883	2650
0	3071	2815	1426	3036	2626
255	3071	2815	1455	3037	2626
511	3071	2815	1505	3038	2626
767	3071	2815	1583	3039	2627
1023	3071	2815	1688	3041	2628
1279	3071	2815	1816	3044	2629
1535	3071	2815	1964	3047	2631
1791	3071	2815	2128	3051	2632
2047	3071	2815	2305	3056	2635
2303	3071	2815	2493	3061	2637
2559	3071	2815	2688	3068	2640
2815	3071	2815	2891	3075	2644
3071	3071	2815	3099	3083	2648
3327	3071	2815	3311	3092	2652
3583	3071	2815	3526	3102	2657
3839	3071	2815	3744	3113	2662
4095	3071	2815	3965	3125	2667
0	3327	2815	1545	3289	2646
255	3327	2815	1572	3289	2646
511	3327	2815	1618	3290	2647
767	3327	2815	1690	3291	2647
1023	3327	2815	1787	3293	2648
1279	3327	2815	1906	3295	2649
1535	3327	2815	2046	3298	2651
1791	3327	2815	2203	3302	2653
2047	3327	2815	2373	3306	2655
2303	3327	2815	2554	3311	2657
2559	3327	2815	2744	3317	2660
2815	3327	2815	2942	3324	2664
3071	3327	2815	3145	3331	2668
3327	3327	2815	3354	3339	2672
3583	3327	2815	3566	3348	2677
3839	3327	2815	3781	3358	2682
4095	3327	2815	3999	3369	2687
0	3583	2815	1666	3541	2668
255	3583	2815	1690	3542	2668
511	3583	2815	1732	3542	2669
767	3583	2815	1798	3544	2669
1023	3583	2815	1888	3545	2670
1279	3583	2815	2001	3547	2671
1535	3583	2815	2133	3550	2673
1791	3583	2815	2282	3553	2675
2047	3583	2815	2445	3557	2677
2303	3583	2815	2620	3562	2679
2559	3583	2815	2805	3567	2682
2815	3583	2815	2997	3573	2686
3071	3583	2815	3196	3580	2690
3327	3583	2815	3400	3587	2694
3583	3583	2815	3609	3595	2698
3839	3583	2815	3821	3604	2703
4095	3583	2815	4036	3614	2709
0	3839	2815	1786	3794	2692
255	3839	2815	1809	3794	2692
511	3839	2815	1847	3795	2693
767	3839	2815	1909	3796	2693
1023	3839	2815	1993	3797	2694
1279	3839	2815	2098	3799	2695
1535	3839	2815	2223	3802	2697
1791	3839	2815	2365	3805	2699
2047	3839	2815	2522	3808	2701
2303	3839	2815	2690	3813	2703
2559	3839	2815	2869	3817	2706
2815	3839	2815	3056	3823	2710
3071	3839	2815	3250	3829	2713
3327	3839	2815	3450	3836	2717
3583	3839	2815	3655	3843	2722
3839	3839	2815	3864	3852	2727
4095	3839	2815	4076	3861	2733
0	4095	2815	1908	4047	2718
255	4095	2815	1928	4047	2718
511	4095	2815	1964	4047	2719
767	4095	2815	2021	4048	2719
1023	4095	2815	2099	4050	2720
1279	4095	2815	2199	4051	2721
1535	4095	2815	2317	4054	2723
1791	4095	2815	2452	4056	2724
2047	4095	2815	2602	4060	2727
2303	4095	2815	2764	4064	2729
2559	4095	2815	2937	4068	2732
2815	4095	2815	3119	4073	2735
3071	4095	2815	3309	4079	2739
3327	4095	2815	3504	4085	2743
3583	4095	2815	3705	4092	2748
3839	4095	2815	3906	4095	2749
4095	4095	2815	4095	4083	2741
0	0	3071	370	124	2751
255	0	3071	479	134	2751
511	0	3071	629	150	2751
767	0	3071	816	177	2752
1023	0	3071	1022	211	2753
1279	0	3071	1239	252	2754
1535	0	3071	1463	297	2755
1791	0	3071	1690	346	2757
2047	0	3071	1919	398	2759
2303	0	3071	2150	452	2762
2559	0	3071	2383	508	2765
2815	0	3071	2616	564	2768
3071	0	3071	2850	622	2772
3327	0	3071	3084	680	2776
3583	0	3071	3319	740	2780
3839	0	3071	3554	799	2785
4095	0	3071	3789	859	2790
0	255	3071	395	332	2752
255	255	3071	499	338	2752
511	255	3071	645	347	2752
767	255	3071	828	362	2753
1023	255	3071	1032	383	2754
1279	255	3071	1247	410	2755
1535	255	3071	1469	441	2756
1791	255	3071	1695	477	2758
2047	255	3071	1923	517	2760
2303	255	3071	2154	560	2763
2559	255	3071	2386	606	2766
2815	255	3071	2619	654	2769
3071	255	3071	2852	704	2772
3327	255	3071	3087	756	2776
3583	255	3071	3321	809	2781
3839	255	3071	3556	863	2786
4095	255	3071	3791	919	2791
0	511	3071	437	551	2754
255	511	3071	533	555	2754
511	511	3071	672	561	2754
767	511	3071	849	570	2755
1023	511	3071	1048	584	2756
1279	511	3071	1260	602	2757
1535	511	3071	1479	624	2758
1791	511	3071	1704	650	2760
2047	511	3071	1931	680	2762
2303	511	3071	2161	713	2764
2559	511	3071	2392	749	2767
2815	511	3071	2624	788	2771
3071	511	3071	2857	830	2774
3327	511	3071	3091	874	2778
3583	511	3071	3325	920	2783
3839	511	3071	3560	967	2788
4095	511	3071	3794	1016	2793
0	767	3071	499	788	2756
255	767	3071	585	790	2757
511	767	3071	713	795	2757
767	767	3071	882	802	2757
1023	767	3071	1074	811	2758
1279	767	3071	1281	824	2759
1535	767	3071	1497	840	2761
1791	767	3071	1718	859	2763
2047	767	3071	1944	881	2765
2303	767	3071	2172	907	2767
2559	767	3071	2401	935	2770
2815	767	3071	2633	966	2773
3071	767	3071	2865	999	2777
3327	767	3071	3098	1035	2781
3583	767	3071	3331	1073	2785
3839	767	3071	3565	1113	2790
4095	767	3071	3800	1155	2796
0	1023	3071	577	1032	2760
255	1023	3071	653	1034	2761
511	1023	3071	769	1037	2761
767	1023	3071	926	1042	2761
1023	1023	3071	1110	1049	2762
1279	1023	3071	1310	1059	2763
1535	1023	3071	1521	1071	2765
1791	1023	3071	1739	1086	2767
2047	1023	3071	1961	1103	2769
2303	1023	3071	2187	1122	2771
2559	1023	3071	2415	1145	2774
2815	1023	3071	2645	1169	2777
3071	1023	3071	2876	1196	2781
3327	1023	3071	3107	1225	2785
3583	1023	3071	3340	1257	2789
3839	1023	3071	3573	1290	2794
4095	1023	3071	3807	1326	2799
0	1279	3071	666	1280	2766
255	1279	3071	732	1281	2766
511	1279	3071	837	1283	2766
767	1279	3071	983	1287	2767
1023	1279	3071	1156	1293	2768
1279	1279	3071	1349	1301	2769
1535	1279	3071	1553	1310	2770
1791	1279	3071	1766	1322	2772
2047	1279	3071	1985	1335	2774
2303	1279	3071	2208	1351	2776
2559	1279	3071	2433	1369	2779
2815	1279	3071	2661	1389	2783
3071	1279	3071	2890	1411	2786
3327	1279	3071	3121	1435	2790
3583	1279	3071	3352	1461	2795
3839	1279	3071	3584	1489	2799
4095	1279	3071	3817	1519	2805
0	1535	3071	764	1529	2772
255	1535	3071	822	1530	2773
511	1535	3071	916	1532	2773
767	1535	3071	1049	1535	2773
1023	1535	3071	1212	1540	2774
1279	1535	3071	1395	1546	2775
1535	1535	3071	1593	1554	2777
1791	1535	3071	1800	1563	2779
2047	1535	3071	2014	1574	2781
2303	1535	3071	2233	1587	2783
2559	1535	3071	2456	1602	2786
2815	1535	3071	2681	1618	2789
3071	1535	3071	2908	1637	2793
3327	1535	3071	3137	1657	2797
3583	1535	3071	3367	1679	2801
3839	1535	3071	3598	1703	2806
4095	1535	3071	3830	1728	2811
0	1791	3071	868	1779	2781
255	1791	3071	919	1780	2781
511	1791	3071	1003	1782	2781
767	1791	3071	1124	1784	2782
1023	1791	3071	1276	1788	2783
1279	1791	3071	1450	1793	2784
1535	1791	3071	1640	1800	2785
1791	1791	3071	1841	1808	2787
2047	1791	3071	2050	1817	2789
2303	1791	3071	2264	1828	2791
2559	1791	3071	2483	1840	2794
2815	1791	3071	2706	1854	2797
3071	1791	3071	2930	1870	2801
3327	1791	3071	3157	1887	2805
3583	1791	3071	3385	1906	2809
3839	1791	3071	3615	1926	2814
4095	1791	3071	3845	1948	2819
0	2047	3071	977	2030	2790
255	2047	3071	1021	2031	2791
511	2047	3071	1096	2032	2791
767	2047	3071	1207	2035	2791
1023	2047	3071	1348	2038	2792
1279	2047	3071	1512	2042	2793
1535	2047	3071	1694	2048	2795
1791	2047	3071	1888	2054	2797
2047	2047	3071	2091	2062	2799
2303	2047	3071	2301	2072	2801
2559	2047	3071	2516	2082	2804
2815	2047	3071	2735	2094	2807
3071	2047	3071	2957	2107	2811
3327	2047	3071	3181	2122	2815
3583	2047	3071	3407	2138	2819
3839	2047	3071	3635	2156	2824
4095	2047	3071	3864	2175	2829
0	2303	3071	1088	2282	2802
255	2303	3071	1128	2282	2802
511	2303	3071	1195	2284	2802
767	2303	3071	1297	2285	2803
1023	2303	3071	1427	2288	2804
1279	2303	3071	1582	2292	2805
1535	2303	3071	1754	2297	2806
1791	2303	3071	1941	2303	2808
2047	2303	3071	2138	2309	2810
2303	2303	3071	2342	2317	2812
2559	2303	3071	2553	2327	2815
2815	2303	3071	2768	2337	2818
3071	2303	3071	2987	2349	2822
3327	2303	3071	3209	2362	2826
3583	2303	3071	3432	2376	2830
3839	2303	3071	3658	2391	2835
4095	2303	3071	3885	2408	2840
0	2559	3071	1203	2533	2815
255	2559	3071	1238	2534	2815
511	2559	3071	1299	2535	2815
767	2559	3071	1391	2537	2816
1023	2559	3071	1512	2539	2817
1279	2559	3071	1657	2542	2818
1535	2559	3071	1821	2547	2819
1791	2559	3071	2000	2552	2821
2047	2559	3071	2190	2558	2823
2303	2559	3071	2389	2565	2825
2559	2559	3071	2595	2573	2828
2815	2559	3071	2806	2582	2831
3071	2559	3071	3021	2592	2835
3327	2559	3071	3240	2604	2839
3583	2559	3071	3461	2616	2843
3839	2559	3071	3685	2630	2848
4095	2559	3071	3910	2645	2853
0	2815	3071	1319	2785	2830
255	2815	3071	1351	2786	2830
511	2815	3071	1406	2787	2830
767	2815	3071	1490	2788	2831
1023	2815	3071	1602	2791	2831
1279	2815	3071	1738	2793	2833
1535	2815	3071	1893	2797	2834
1791	2815	3071	2064	2802	2836
2047	2815	3071	2248	2807	2838
2303	2815	3071	2441	2813	2840
2559	2815	3071	2642	2820	2843
2815	2815	3071	2849	2828	2846
3071	2815	3071	3060	2838	2849
3327	2815	3071	3275	2848	2853
3583	2815	3071	3493	2859	2858
3839	2815	3071	3714	2871	2862
4095	2815	3071	3937	2884	2867
0	3071	3071	1436	3038	2846
255	3071	3071	1465	3038	2846
511	3071	3071	1515	3039	2847
767	3071	3071	1593	3040	2847
1023	3071	3071	1696	3042	2848
1279	3071	3071	1824	3045	2849
1535	3071	3071	1971	3048	2850
1791	3071	3071	2134	3052	2852
2047	3071	3071	2311	3057	2854
2303	3071	3071	2498	3062	2856
2559	3071	3071	2693	3069	2859
2815	3071	3071	2895	3076	2862
3071	3071	3071	3103	3084	2866
3327	3071	3071	3314	3093	2870
3583	3071	3071	3529	3103	2874
3839	3071	3071	3747	3114	2879
4095	3071	3071	3968	3126	2884
0	3327	3071	1555	3290	2864
255	3327	3071	1581	3290	2864
511	3327	3071	1627	3291	2865
767	3327	3071	1698	3292	2865
1023	3327	3071	1794	3294	2866
1279	3327	3071	1914	3296	2867
1535	3327	3071	2053	3299	2869
1791	3327	3071	2209	3303	2870
2047	3327	3071	2378	3307	2872
2303	3327	3071	2559	3312	2875
2559	3327	3071	2749	3318	2877
2815	3327	3071	2946	3325	2880
3071	3327	3071	3149	3332	2884
3327	3327	3071	3357	3340	2888
3583	3327	3071	3569	3349	2892
3839	3327	3071	3784	3359	2896
4095	3327	3071	4002	3370	2902
0	3583	3071	1674	3542	2884
255	3583	3071	1698	3543	2884
511	3583	3071	1740	3543	2885
767	3583	3071	1806	3544	2885
1023	3583	3071	1896	3546	2886
1279	3583	3071	2008	3548	2887
1535	3583	3071	2139	3551	2888
1791	3583	3071	2288	3554	2890
2047	3583	3071	2451	3558	2892
2303	3583	3071	2625	3563	2894
2559	3583	3071	2809	3568	2897
2815	3583	3071	3001	3574	2900
3071	3583	3071	3200	3581	2904
3327	3583	3071	3404	3588	2907
3583	3583	3071	3612	3596	2912
3839	3583	3071	3824	3605	2916
4095	3583	3071	4039	3615	2921
0	3839	3071	1794	3795	2906
255	3839	3071	1816	3795	2906
511	3839	3071	1855	3796	2906
767	3839	3071	1916	3797	2907
1023	3839	3071	2000	3798	2908
1279	3839	3071	2105	3800	2909
1535	3839	3071	2229	3803	2910
1791	3839	3071	2371	3806	2912
2047	3839	3071	2527	3809	2914
2303	3839	3071	2695	3813	2916
2559	3839	3071	2873	3818	2919
2815	3839	3071	3060	3824	2922
3071	3839	3071	3254	3830	2925
3327	3839	3071	3454	3837	2929
3583	3839	3071	3658	3844	2933
3839	3839	3071	3867	3852	2938
4095	3839	3071	4079	3861	2943
0	4095	3071	1915	4047	2929
255	4095	3071	1935	4048	2930
511	4095	3071	1971	4048	2930
767	4095	3071	2028	4049	2931
1023	4095	3071	2106	4050	2931
1279	4095	3071	2205	4052	2932
1535	4095	3071	2322	4054	2934
1791	4095	3071	2457	4057	2935
2047	4095	3071	2607	4060	2937
2303	4095	3071	2769	4064	2940
2559	4095	3071	2941	4069	2942
2815	4095	3071	3123	4074	2945
3071	4095	3071	3312	4079	2948
3327	4095	3071	3508	4086	2952
3583	4095	3071	3708	4093	2956
3839	4095	3071	3908	4095	2957
4095	4095	3071	4095	4081	2946
0	0	3327	416	149	2982
255	0	3327	516	158	2982
511	0	3327	658	174	2983
767	0	3327	838	199	2983
1023	0	3327	1040	231	2984
1279	0	3327	1253	269	2985
1535	0	3327	1474	313	2986
1791	0	3327	1699	360	2988
2047	0	3327	1927	410	2990
2303	0	3327	2157	463	2992
2559	0	3327	2389	518	2994
2815	0	3327	2621	573	2997
3071	0	3327	2855	630	3001
3327	0	3327	3089	688	3004
3583	0	3327	3323	746	3008
3839	0	3327	3558	805	3013
4095	0	3327	3793	865	3017
0	255	3327	439	347	2983
255	255	3327	535	352	2983
511	255	3327	673	361	2983
767	255	3327	850	376	2984
1023	255	3327	1049	396	2985
1279	255	3327	1260	422	2986
1535	255	3327	1480	452	2987
1791	255	3327	1704	488	2989
2047	255	3327	1931	527	2991
2303	255	3327	2161	569	2993
2559	255	3327	2392	614	2995
2815	255	3327	2624	662	2998
3071	255	3327	2857	711	3001
3327	255	3327	3091	763	3005
3583	255	3327	3325	815	3009
3839	255	3327	3560	869	3014
4095	255	3327	3795	924	3018
0	511	3327	478	560	2984
255	511	3327	567	564	2985
511	511	3327	699	570	2985
767	511	3327	870	579	2985
1023	511	3327	1065	593	2986
1279	511	3327	1273	611	2987
1535	511	3327	1490	632	2989
1791	511	3327	1713	658	2990
2047	511	3327	1939	687	2992
2303	511	3327	2168	720	2994
2559	511	3327	2398	756	2997
2815	511	3327	2629	795	3000
3071	511	3327	2862	836	3003
3327	511	3327	3095	879	3007
3583	511	3327	3329	925	3011
3839	511	3327	3563	972	3015
4095	511	3327	3798	1021	3020
0	767	3327	535	794	2987
255	767	3327	616	797	2987
511	767	3327	739	801	2987
767	767	3327	902	808	2988
1023	767	3327	1090	817	2989
1279	767	3327	1294	830	2990
1535	767	3327	1508	846	2991
1791	767	3327	1728	865	2993
2047	767	3327	1952	887	2995
2303	767	3327	2178	912	2997
2559	767	3327	2407	940	2999
2815	767	3327	2638	971	3002
3071	767	3327	2870	1004	3005
3327	767	3327	3102	1040	3009
3583	767	3327	3335	1077	3013
3839	767	3327	3569	1117	3018
4095	767	3327	3803	1159	3022
0	1023	3327	608	1037	2991
255	1023	3327	680	1039	2991
511	1023	3327	793	1042	2991
767	1023	3327	945	1047	2992
1023	1023	3327	1126	1054	2992
1279	1023	3327	1323	1064	2993
1535	1023	3327	1532	1076	2995
1791	1023	3327	1748	1090	2996
2047	1023	3327	1969	1107	2998
2303	1023	3327	2194	1127	3000
2559	1023	3327	2421	1149	3003
2815	1023	3327	2650	1173	3006
3071	1023	3327	2880	1200	3009
3327	1023	3327	3112	1229	3013
3583	1023	3327	3344	1261	3017
3839	1023	3327	3577	1294	3021
4095	1023	3327	3811	1329	3026
0	1279	3327	693	1283	2995
255	1279	3327	757	1285	2995
511	1279	3327	859	1287	2996
767	1279	3327	1000	1291	2996
1023	1279	3327	1171	1297	2997
1279	1279	3327	1361	1304	2998
1535	1279	3327	1564	1314	2999
1791	1279	3327	1775	1325	3001
2047	1279	3327	1993	1339	3003
2303	1279	3327	2214	1354	3005
2559	1279	3327	2439	1372	3008
2815	1279	3327	2666	1392	3011
3071	1279	3327	2895	1414	3014
3327	1279	3327	3125	1438	3017
3583	1279	3327	3356	1464	3021
3839	1279	3327	3588	1492	3026
4095	1279	3327	3821	1522	3031
0	1535	3327	787	1532	3001
255	1535	3327	844	1533	3002
511	1535	3327	935	1535	3002
767	1535	3327	1066	1538	3002
1023	1535	3327	1226	1543	3003
1279	1535	3327	1407	1549	3004
1535	1535	3327	1603	1556	3005
1791	1535	3327	1809	1566	3007
2047	1535	3327	2022	1577	3009
2303	1535	3327	2240	1590	3011
2559	1535	3327	2462	1605	3014
2815	1535	3327	2686	1621	3017
3071	1535	3327	2913	1639	3020
3327	1535	3327	3141	1660	3023
3583	1535	3327	3371	1681	3027
3839	1535	3327	3602	1705	3032
4095	1535	3327	3833	1731	3037
0	1791	3327	889	1782	3009
255	1791	3327	938	1783	3009
511	1791	3327	1020	1784	3009
767	1791	3327	1140	1787	3010
1023	1791	3327	1289	1791	3011
1279	1791	3327	1461	1796	3012
1535	1791	3327	1650	1802	3013
1791	1791	3327	1849	1810	3014
2047	1791	3327	2057	1819	3016
2303	1791	3327	2271	1830	3019
2559	1791	3327	2489	1842	3021
2815	1791	3327	2711	1856	3024
3071	1791	3327	2935	1872	3027
3327	1791	3327	3161	1889	3031
3583	1791	3327	3389	1908	3035
3839	1791	3327	3619	1928	3039
4095	1791	3327	3849	1950	3044
0	2047	3327	995	2032	3018
255	2047	3327	1039	2033	3018
511	2047	3327	1112	2034	3018
767	2047	3327	1221	2037	3019
1023	2047	3327	1361	2040	3019
1279	2047	3327	1523	2044	3020
1535	2047	3327	1703	2050	3022
1791	2047	3327	1896	2056	3023
2047	2047	3327	2098	2064	3025
2303	2047	3327	2307	2074	3027
2559	2047	3327	2521	2084	3030
2815	2047	3327	2740	2096	3033
3071	2047	3327	2961	2109	3036
3327	2047	3327	3185	2124	3039
3583	2047	3327	3411	2140	3043
3839	2047	3327	3638	2158	3048
4095	2047	3327	3867	2177	3053
0	2303	3327	1104	2283	3028
255	2303	3327	1144	2284	3028
511	2303	3327	1210	2285	3028
767	2303	3327	1310	2287	3029
1023	2303	3327	1439	2290	3030
1279	2303	3327	1592	2294	3031
1535	2303	3327	1763	2298	3032
1791	2303	3327	1949	2304	3034
2047	2303	3327	2145	2311	3035
2303	2303	3327	2349	2319	3038
2559	2303	3327	2559	2328	3040
2815	2303	3327	2773	2339	3043
3071	2303	3327	2992	2350	3046
3327	2303	3327	3213	2363	3050
3583	2303	3327	3436	2377	3054
3839	2303	3327	3662	2393	3058
4095	2303	3327	3888	2409	3063
0	2559	3327	1217	2535	3040
255	2559	3327	1252	2536	3040
511	2559	3327	1312	2537	3040
767	2559	3327	1403	2538	3041
1023	2559	3327	1523	2541	3041
1279	2559	3327	1667	2544	3042
1535	2559	3327	1830	2548	3044
1791	2559	3327	2008	2553	3045
2047	2559	3327	2197	2559	3047
2303	2559	3327	2395	2566	3049
2559	2559	3327	2601	2574	3052
2815	2559	3327	2811	2584	3055
3071	2559	3327	3026	2594	3058
3327	2559	3327	3244	2605	3061
3583	2559	3327	3465	2618	3065
3839	2559	3327	3688	2631	3070
4095	2559	3327	3913	2646	3074
0	2815	3327	1332	2787	3053
255	2815	3327	1363	2787	3053
511	2815	3327	1417	2788	3054
767	2815	3327	1501	2790	3054
1023	2815	3327	1612	2792	3055
1279	2815	3327	1747	2795	3056
1535	2815	3327	1902	2798	3057
1791	2815	3327	2072	2803	3059
2047	2815	3327	2255	2808	3060
2303	2815	3327	2447	2815	3063
2559	2815	3327	2647	2822	3065
2815	2815	3327	2853	2830	3068
3071	2815	3327	3064	2839	3071
3327	2815	3327	3279	2849	3075
3583	2815	3327	3497	2860	3079
3839	2815	3327	3718	2872	3083
4095	2815	3327	3940	2886	3087
0	3071	3327	1448	3039	3068
255	3071	3327	1476	3039	3068
511	3071	3327	1526	3040	3068
767	3071	3327	1603	3041	3069
1023	3071	3327	1706	3043	3070
1279	3071	3327	1832	3046	3071
1535	3071	3327	1979	3049	3072
1791	3071	3327	2141	3053	3073
2047	3071	3327	2317	3058	3075
2303	3071	3327	2504	3064	3077
2559	3071	3327	2698	3070	3080
2815	3071	3327	2900	3077	3083
3071	3071	3327	3107	3086	3086
3327	3071	3327	3318	3095	3089
3583	3071	3327	3533	3105	3093
3839	3071	3327	3751	3116	3098
4095	3071	3327	3971	3127	3102
0	3327	3327	1565	3291	3084
255	3327	3327	1591	3291	3085
511	3327	3327	1637	3292	3085
767	3327	3327	1707	3293	3085
1023	3327	3327	1803	3295	3086
1279	3327	3327	1922	3297	3087
1535	3327	3327	2060	3300	3088
1791	3327	3327	2216	3304	3090
2047	3327	3327	2385	3308	3092
2303	3327	3327	2565	3313	3094
2559	3327	3327	2754	3319	3096
2815	3327	3327	2951	3326	3099
3071	3327	3327	3153	3333	3102
3327	3327	3327	3361	3341	3106
3583	3327	3327	3573	3350	3110
3839	3327	3327	3787	3360	3114
4095	3327	3327	4005	3371	3118
0	3583	3327	1684	3543	3103
255	3583	3327	1708	3544	3103
511	3583	3327	1749	3544	3103
767	3583	3327	1815	3545	3104
1023	3583	3327	1904	3547	3104
1279	3583	3327	2015	3549	3105
1535	3583	3327	2146	3552	3107
1791	3583	3327	2294	3555	3108
2047	3583	3327	2456	3559	3110
2303	3583	3327	2630	3564	3112
2559	3583	3327	2814	3569	3114
2815	3583	3327	3006	3575	3117
3071	3583	3327	3204	3582	3120
3327	3583	3327	3408	3589	3124
3583	3583	3327	3616	3597	3128
3839	3583	3327	3827	3606	3132
4095	3583	3327	4042	3616	3136
0	3839	3327	1803	3796	3122
255	3839	3327	1825	3796	3123
511	3839	3327	1864	3797	3123
767	3839	3327	1924	3798	3123
1023	3839	3327	2007	3799	3124
1279	3839	3327	2112	3801	3125
1535	3839	3327	2236	3803	3126
1791	3839	3327	2377	3806	3128
2047	3839	3327	2532	3810	3130
2303	3839	3327	2700	3814	3132
2559	3839	3327	2878	3819	3134
2815	3839	3327	3065	3825	3137
3071	3839	3327	3258	3831	3140
3327	3839	3327	3458	3838	3143
3583	3839	3327	3662	3845	3147
3839	3839	3327	3870	3853	3151
4095	3839	3327	4082	3862	3156
0	4095	3327	1923	4048	3144
255	4095	3327	1943	4048	3144
511	4095	3327	1979	4049	3144
767	4095	3327	2035	4050	3145
1023	4095	3327	2113	4051	3146
1279	4095	3327	2211	4053	3147
1535	4095	3327	2329	4055	3148
1791	4095	3327	2463	4058	3149
2047	4095	3327	2612	4061	3151
2303	4095	3327	2774	4065	3153
2559	4095	3327	2946	4070	3155
2815	4095	3327	3127	4075	3158
3071	4095	3327	3316	4080	3161
3327	4095	3327	3511	4087	3165
3583	4095	3327	3712	4094	3168
3839	4095	3327	3911	4095	3168
4095	4095	3327	4095	4079	3154
0	0	3583	462	176	3213
255	0	3583	554	184	3213
511	0	3583	688	199	3214
767	0	3583	862	222	3214
1023	0	3583	1058	252	3215
1279	0	3583	1268	288	3216
1535	0	3583	1486	329	3217
1791	0	3583	1709	375	3218
2047	0	3583	1936	424	3220
2303	0	3583	2165	475	3222
2559	0	3583	2395	528	3224
2815	0	3583	2627	583	3227
3071	0	3583	2860	639	3230
3327	0	3583	3093	696	3233
3583	0	3583	3327	754	3237
3839	0	3583	3562	812	3241
4095	0	3583	3796	871	3245
0	255	3583	483	362	3214
255	255	3583	572	367	3214
511	255	3583	702	376	3214
767	255	3583	873	390	3215
1023	255	3583	1067	410	3216
1279	255	3583	1275	435	3217
1535	255	3583	1492	465	3218
1791	255	3583	1714	499	3219
2047	255	3583	1940	537	3221
2303	255	3583	2169	579	3223
2559	255	3583	2399	623	3225
2815	255	3583	2630	670	3228
3071	255	3583	2863	719	3231
3327	255	3583	3096	770	3234
3583	255	3583	3330	822	3238
3839	255	3583	3564	875	3242
4095	255	3583	3798	930	3246
0	511	3583	519	570	3215
255	511	3583	602	573	3216
511	511	3583	727	579	3216
767	511	3583	892	589	3216
1023	511	3583	1083	602	3217
1279	511	3583	1288	620	3218
1535	511	3583	1503	641	3219
1791	511	3583	1723	666	3221
2047	511	3583	1948	695	3222
2303	511	3583	2175	728	3224
2559	511	3583	2405	763	3227
2815	511	3583	2635	802	3229
3071	511	3583	2867	842	3232
3327	511	3583	3100	886	3236
3583	511	3583	3333	931	3239
3839	511	3583	3567	978	3243
4095	511	3583	3801	1026	3248
0	767	3583	572	801	3218
255	767	3583	648	804	3218
511	767	3583	766	808	3218
767	767	3583	923	815	3219
1023	767	3583	1108	824	3219
1279	767	3583	1309	837	3220
1535	767	3583	1520	852	3221
1791	767	3583	1738	871	3223
2047	767	3583	1960	893	3225
2303	767	3583	2186	918	3227
2559	767	3583	2414	946	3229
2815	767	3583	2644	976	3231
3071	767	3583	2875	1009	3234
3327	767	3583	3107	1045	3238
3583	767	3583	3340	1082	3241
3839	767	3583	3573	1122	3245
4095	767	3583	3807	1164	3250
0	1023	3583	641	1042	3221
255	1023	3583	709	1044	3221
511	1023	3583	818	1047	3221
767	1023	3583	966	1052	3222
1023	1023	3583	1143	1059	3223
1279	1023	3583	1337	1069	3223
1535	1023	3583	1544	1080	3225
1791	1023	3583	1758	1095	3226
2047	1023	3583	1978	1112	3228
2303	1023	3583	2202	1131	3230
2559	1023	3583	2428	1153	3232
2815	1023	3583	2656	1178	3235
3071	1023	3583	2886	1204	3238
3327	1023	3583	3117	1234	3241
3583	1023	3583	3349	1265	3245
3839	1023	3583	3581	1298	3249
4095	1023	3583	3814	1333	3253
0	1279	3583	722	1287	3225
255	1279	3583	783	1289	3225
511	1279	3583	882	1291	3226
767	1279	3583	1020	1295	3226
1023	1279	3583	1187	1301	3227
1279	1279	3583	1375	1308	3228
1535	1279	3583	1575	1318	3229
1791	1279	3583	1785	1329	3230
2047	1279	3583	2001	1343	3232
2303	1279	3583	2222	1358	3234
2559	1279	3583	2446	1376	3236
2815	1279	3583	2672	1396	3239
3071	1279	3583	2900	1418	3242
3327	1279	3583	3130	1442	3245
3583	1279	3583	3360	1468	3249
3839	1279	3583	3592	1496	3253
4095	1279	3583	3824	1525	3257
0	1535	3583	813	1535	3231
255	1535	3583	867	1536	3231
511	1535	3583	956	1538	3231
767	1535	3583	1084	1541	3232
1023	1535	3583	1241	1546	3232
1279	1535	3583	1420	1552	3233
1535	1535	3583	1614	1560	3234
1791	1535	3583	1819	1569	3236
2047	1535	3583	2030	1580	3238
2303	1535	3583	2247	1593	3240
2559	1535	3583	2468	1608	3242
2815	1535	3583	2692	1624	3245
3071	1535	3583	2918	1642	3247
3327	1535	3583	3146	1662	3251
3583	1535	3583	3375	1684	3254
3839	1535	3583	3606	1708	3258
4095	1535	3583	3837	1733	3263
0	1791	3583	911	1784	3237
255	1791	3583	959	1785	3238
511	1791	3583	1039	1787	3238
767	1791	3583	1156	1790	3238
1023	1791	3583	1304	1793	3239
1279	1791	3583	1474	1798	3240
1535	1791	3583	1660	1805	3241
1791	1791	3583	1859	1813	3243
2047	1791	3583	2065	1822	3244
2303	1791	3583	2278	1833	3246
2559	1791	3583	2496	1845	3249
2815	1791	3583	2717	1859	3251
3071	1791	3583	2940	1874	3254
3327	1791	3583	3166	1892	3257
3583	1791	3583	3394	1910	3261
3839	1791	3583	3622	1931	3265
4095	1791	3583	3852	1952	3269
0	2047	3583	1014	2035	3245
255	2047	3583	1057	2035	3246
511	2047	3583	1129	2037	3246
767	2047	3583	1237	2039	3246
1023	2047	3583	1374	2042	3247
1279	2047	3583	1535	2047	3248
1535	2047	3583	1713	2052	3249
1791	2047	3583	1905	2059	3251
2047	2047	3583	2106	2067	3252
2303	2047	3583	2314	2076	3254
2559	2047	3583	2528	2086	3257
2815	2047	3583	2746	2098	3259
3071	2047	3583	2966	2112	3262
3327	2047	3583	3190	2126	3265
3583	2047	3583	3415	2143	3269
3839	2047	3583	3642	2160	3273
4095	2047	3583	3871	2179	3277
0	2303	3583	1122	2285	3255
255	2303	3583	1160	2286	3255
511	2303	3583	1225	2287	3255
767	2303	3583	1324	2289	3256
1023	2303	3583	1451	2292	3256
1279	2303	3583	1603	2296	3257
1535	2303	3583	1773	2300	3259
1791	2303	3583	1958	2306	3260
2047	2303	3583	2152	2313	3262
2303	2303	3583	2356	2321	3264
2559	2303	3583	2565	2330	3266
2815	2303	3583	2779	2341	3269
3071	2303	3583	2997	2352	3271
3327	2303	3583	3217	2365	3275
3583	2303	3583	3440	2379	3278
3839	2303	3583	3665	2395	3282
4095	2303	3583	3892	2411	3287
0	2559	3583	1232	2537	3266
255	2559	3583	1267	2537	3266
511	2559	3583	1326	2538	3266
767	2559	3583	1416	2540	3267
1023	2559	3583	1535	2542	3267
1279	2559	3583	1677	2546	3268
1535	2559	3583	1839	2550	3269
1791	2559	3583	2016	2555	3271
2047	2559	3583	2205	2561	3272
2303	2559	3583	2402	2568	3274
2559	2559	3583	2607	2576	3277
2815	2559	3583	2817	2585	3279
3071	2559	3583	3031	2595	3282
3327	2559	3583	3249	2607	3285
3583	2559	3583	3469	2619	3289
3839	2559	3583	3692	2633	3293
4095	2559	3583	3916	2648	3297
0	2815	3583	1345	2788	3278
255	2815	3583	1377	2789	3278
511	2815	3583	1430	2790	3278
767	2815	3583	1513	2791	3279
1023	2815	3583	1623	2793	3279
1279	2815	3583	1757	2796	3280
1535	2815	3583	1911	2800	3281
1791	2815	3583	2080	2804	3283
2047	2815	3583	2262	2810	3284
2303	2815	3583	2454	2816	3286
2559	2815	3583	2653	2823	3289
2815	2815	3583	2859	2831	3291
3071	2815	3583	3069	2840	3294
3327	2815	3583	3284	2851	3297
3583	2815	3583	3501	2862	3301
3839	2815	3583	3722	2874	3305
4095	2815	3583	3944	2887	3309
0	3071	3583	1460	3040	3291
255	3071	3583	1489	3041	3292
511	3071	3583	1538	3041	3292
767	3071	3583	1614	3043	3292
1023	3071	3583	1716	3045	3293
1279	3071	3583	1842	3047	3294
1535	3071	3583	1987	3051	3295
1791	3071	3583	2149	3055	3296
2047	3071	3583	2324	3059	3298
2303	3071	3583	2510	3065	3300
2559	3071	3583	2704	3071	3302
2815	3071	3583	2905	3079	3305
3071	3071	3583	3112	3087	3308
3327	3071	3583	3323	3096	3311
3583	3071	3583	3537	3106	3314
3839	3071	3583	3755	3117	3318
4095	3071	3583	3975	3129	3323
0	3327	3583	1577	3292	3306
255	3327	3583	1603	3293	3307
511	3327	3583	1648	3293	3307
767	3327	3583	1718	3295	3307
1023	3327	3583	1813	3296	3308
1279	3327	3583	1931	3299	3309
1535	3327	3583	2069	3302	3310
1791	3327	3583	2223	3305	3311
2047	3327	3583	2391	3310	3313
2303	3327	3583	2571	3315	3315
2559	3327	3583	2760	3320	3317
2815	3327	3583	2956	3327	3320
3071	3327	3583	3158	3334	3323
3327	3327	3583	3365	3343	3326
3583	3327	3583	3577	3352	3329
3839	3327	3583	3791	3361	3333
4095	3327	3583	4008	3372	3337
0	3583	3583	1694	3544	3323
255	3583	3583	1718	3545	3323
511	3583	3583	1759	3545	3323
767	3583	3583	1824	3547	3324
1023	3583	3583	1913	3548	3325
1279	3583	3583	2024	3550	3325
1535	3583	3583	2154	3553	3327
1791	3583	3583	2301	3556	3328
2047	3583	3583	2463	3560	3330
2303	3583	3583	2636	3565	3332
2559	3583	3583	2820	3570	3334
2815	3583	3583	3011	3576	3336
3071	3583	3583	3209	3583	3339
3327	3583	3583	3412	3590	3342
3583	3583	3583	3619	3598	3346
3839	3583	3583	3831	3607	3350
4095	3583	3583	4045	3617	3354
0	3839	3583	1813	3797	3341
255	3839	3583	1835	3797	3341
511	3839	3583	1873	3798	3342
767	3839	3583	1933	3799	3342
1023	3839	3583	2016	3800	3343
1279	3839	3583	2120	3802	3344
1535	3839	3583	2243	3804	3345
1791	3839	3583	2384	3807	3346
2047	3839	3583	2539	3811	3348
2303	3839	3583	2706	3815	3350
2559	3839	3583	2884	3820	3352
2815	3839	3583	3070	3826	3354
3071	3839	3583	3263	3832	3357
3327	3839	3583	3462	3839	3360
3583	3839	3583	3666	3846	3364
3839	3839	3583	3874	3854	3368
4095	3839	3583	4086	3863	3372
0	4095	3583	1932	4049	3361
255	4095	3583	1952	4049	3361
511	4095	3583	1988	4050	3361
767	4095	3583	2044	4051	3362
1023	4095	3583	2121	4052	3362
1279	4095	3583	2219	4054	3363
1535	4095	3583	2336	4056	3364
1791	4095	3583	2470	4059	3366
2047	4095	3583	2618	4062	3367
2303	4095	3583	2779	4066	3369
2559	4095	3583	2951	4071	3371
2815	4095	3583	3132	4076	3374
3071	4095	3583	3321	4081	3377
3327	4095	3583	3515	4088	3380
3583	4095	3583	3716	4094	3383
3839	4095	3583	3914	4095	3381
4095	4095	3583	4095	4077	3363
0	0	3839	508	203	3444
255	0	3839	593	210	3444
511	0	3839	720	224	3445
767	0	3839	887	245	3445
1023	0	3839	1078	273	3446
1279	0	3839	1284	307	3447
1535	0	3839	1500	347	3448
1791	0	3839	1721	391	3449
2047	0	3839	1946	438	3451
2303	0	3839	2173	488	3452
2559	0	3839	2403	540	3455
2815	0	3839	2634	593	3457
3071	0	3839	2866	649	3460
3327	0	3839	3099	705	3463
3583	0	3839	3332	762	3466
3839	0	3839	3566	819	3470
4095	0	3839	3801	878	3474
0	255	3839	528	378	3445
255	255	3839	610	383	3445
511	255	3839	734	392	3445
767	255	3839	898	405	3446
1023	255	3839	1087	424	3447
1279	255	3839	1291	449	3447
1535	255	3839	1505	478	3448
1791	255	3839	1726	511	3450
2047	255	3839	1950	548	3451
2303	255	3839	2177	589	3453
2559	255	3839	2406	633	3455
2815	255	3839	2637	679	3458
3071	255	3839	2869	728	3460
3327	255	3839	3101	778	3463
3583	255	3839	3334	829	3467
3839	255	3839	3568	882	3470
4095	255	3839	3802	936	3474
0	511	3839	560	581	3446
255	511	3839	638	584	3446
511	511	3839	757	590	3447
767	511	3839	917	599	3447
1023	511	3839	1102	612	3448
1279	511	3839	1304	630	3449
1535	511	3839	1516	651	3450
1791	511	3839	1735	676	3451
2047	511	3839	1958	704	3453
2303	511	3839	2184	736	3454
2559	511	3839	2412	771	3457
2815	511	3839	2642	809	3459
3071	511	3839	2873	850	3462
3327	511	3839	3105	892	3465
3583	511	3839	3338	937	3468
3839	511	3839	3572	984	3472
4095	511	3839	3806	1032	3476
0	767	3839	610	809	3448
255	767	3839	682	811	3449
511	767	3839	794	815	3449
767	767	3839	947	822	3449
1023	767	3839	1127	831	3450
1279	767	3839	1324	844	3451
1535	767	3839	1533	859	3452
1791	767	3839	1749	878	3453
2047	767	3839	1970	900	3455
2303	767	3839	2194	924	3457
2559	767	3839	2422	952	3459
2815	767	3839	2650	982	3461
3071	767	3839	2881	1015	3464
3327	767	3839	3112	1050	3467
3583	767	3839	3344	1088	3470
3839	767	3839	3577	1127	3474
4095	767	3839	3811	1169	3478
0	1023	3839	675	1048	3451
255	1023	3839	740	1049	3451
511	1023	3839	844	1052	3452
767	1023	3839	988	1057	3452
1023	1023	3839	1161	1065	3453
1279	1023	3839	1353	1074	3454
1535	1023	3839	1557	1086	3455
1791	1023	3839	1769	1100	3456
2047	1023	3839	1987	1117	3458
2303	1023	3839	2210	1136	3459
2559	1023	3839	2435	1158	3462
2815	1023	3839	2662	1183	3464
3071	1023	3839	2892	1209	3467
3327	1023	3839	3122	1238	3470
3583	1023	3839	3353	1269	3473
3839	1023	3839	3586	1302	3477
4095	1023	3839	3818	1337	3481
0	1279	3839	752	1292	3455
255	1279	3839	811	1293	3455
511	1279	3839	906	1295	3456
767	1279	3839	1041	1299	3456
1023	1279	3839	1205	1305	3457
1279	1279	3839	1389	1312	3458
1535	1279	3839	1588	1322	3459
1791	1279	3839	1796	1333	3460
2047	1279	3839	2011	1347	3462
2303	1279	3839	2230	1362	3463
2559	1279	3839	2453	1380	3466
2815	1279	3839	2678	1400	3468
3071	1279	3839	2906	1422	3471
3327	1279	3839	3135	1446	3474
3583	1279	3839	3365	1471	3477
3839	1279	3839	3596	1499	3481
4095	1279	3839	3828	1529	3485
0	1535	3839	839	1539	3460
255	1535	3839	892	1540	3460
511	1535	3839	978	1542	3461
767	1535	3839	1103	1545	3461
1023	1535	3839	1258	1549	3462
1279	1535	3839	1434	1555	3463
1535	1535	3839	1626	1563	3464
1791	1535	3839	1829	1572	3465
2047	1535	3839	2039	1583	3467
2303	1535	3839	2255	1596	3468
2559	1535	3839	2475	1611	3471
2815	1535	3839	2699	1627	3473
3071	1535	3839	2924	1646	3476
3327	1535	3839	3151	1666	3479
3583	1535	3839	3380	1688	3482
3839	1535	3839	3610	1711	3486
4095	1535	3839	3841	1736	3490
0	1791	3839	934	1787	3466
255	1791	3839	981	1788	3467
511	1791	3839	1060	1790	3467
767	1791	3839	1174	1792	3467
1023	1791	3839	1320	1796	3468
1279	1791	3839	1487	1801	3469
1535	1791	3839	1672	1808	3470
1791	1791	3839	1869	1816	3471
2047	1791	3839	2074	1825	3473
2303	1791	3839	2286	1836	3475
2559	1791	3839	2503	1848	3477
2815	1791	3839	2723	1862	3479
3071	1791	3839	2946	1877	3482
3327	1791	3839	3171	1894	3485
3583	1791	3839	3398	1913	3488
3839	1791	3839	3627	1933	3492
4095	1791	3839	3856	1955	3496
0	2047	3839	1035	2037	3474
255	2047	3839	1077	2038	3474
511	2047	3839	1148	2039	3474
767	2047	3839	1254	2041	3475
1023	2047	3839	1389	2045	3475
1279	2047	3839	1548	2049	3476
1535	2047	3839	1725	2054	3477
1791	2047	3839	1915	2061	3479
2047	2047	3839	2115	2069	3480
2303	2047	3839	2322	2078	3482
2559	2047	3839	2535	2089	3484
2815	2047	3839	2752	2101	3486
3071	2047	3839	2972	2114	3489
3327	2047	3839	3195	2129	3492
3583	2047	3839	3420	2145	3495
3839	2047	3839	3647	2162	3499
4095	2047	3839	3875	2181	3503
0	2303	3839	1140	2288	3482
255	2303	3839	1178	2288	3483
511	2303	3839	1242	2289	3483
767	2303	3839	1339	2291	3483
1023	2303	3839	1465	2294	3484
1279	2303	3839	1615	2298	3485
1535	2303	3839	1784	2303	3486
1791	2303	3839	1967	2308	3487
2047	2303	3839	2161	2315	3489
2303	2303	3839	2363	2323	3490
2559	2303	3839	2572	2332	3493
2815	2303	3839	2785	2343	3495
3071	2303	3839	3002	2354	3498
3327	2303	3839	3222	2367	3501
3583	2303	3839	3445	2381	3504
3839	2303	3839	3670	2397	3507
4095	2303	3839	3896	2413	3511
0	2559	3839	1249	2539	3492
255	2559	3839	1283	2539	3492
511	2559	3839	1341	2540	3493
767	2559	3839	1430	2542	3493
1023	2559	3839	1548	2544	3494
1279	2559	3839	1689	2548	3495
1535	2559	3839	1849	2552	3496
1791	2559	3839	2025	2557	3497
2047	2559	3839	2213	2563	3498
2303	2559	3839	2409	2570	3500
2559	2559	3839	2613	2578	3502
2815	2559	3839	2823	2587	3505
3071	2559	3839	3036	2597	3507
3327	2559	3839	3254	2609	3510
3583	2559	3839	3474	2621	3514
3839	2559	3839	3696	2635	3517
4095	2559	3839	3920	2649	3521
0	2815	3839	1361	2790	3503
255	2815	3839	1391	2791	3504
511	2815	3839	1444	2791	3504
767	2815	3839	1526	2793	3504
1023	2815	3839	1635	2795	3505
1279	2815	3839	1768	2798	3506
1535	2815	3839	1920	2802	3507
1791	2815	3839	2089	2806	3508
2047	2815	3839	2270	2811	3510
2303	2815	3839	2461	2818	3511
2559	2815	3839	2660	2825	3513
2815	2815	3839	2865	2833	3516
3071	2815	3839	3075	2842	3518
3327	2815	3839	3289	2852	3521
3583	2815	3839	3506	2863	3525
3839	2815	3839	3726	2875	3528
4095	2815	3839	3948	2889	3532
0	3071	3839	1474	3042	3516
255	3071	3839	1502	3042	3516
511	3071	3839	1551	3043	3516
767	3071	3839	1626	3044	3517
1023	3071	3839	1727	3046	3517
1279	3071	3839	1852	3049	3518
1535	3071	3839	1997	3052	3519
1791	3071	3839	2158	3056	3520
2047	3071	3839	2332	3061	3522
2303	3071	3839	2517	3066	3524
2559	3071	3839	2711	3073	3526
2815	3071	3839	2911	3080	3528
3071	3071	3839	3117	3088	3531
3327	3071	3839	3328	3097	3534
3583	3071	3839	3542	3107	3537
3839	3071	3839	3759	3118	3541
4095	3071	3839	3978	3130	3544
0	3327	3839	1589	3294	3530
255	3327	3839	1615	3294	3530
511	3327	3839	1659	3295	3530
767	3327	3839	1729	3296	3531
1023	3327	3839	1823	3298	3531
1279	3327	3839	1941	3300	3532
1535	3327	3839	2078	3303	3533
1791	3327	3839	2231	3307	3534
2047	3327	3839	2399	3311	3536
2303	3327	3839	2578	3316	3538
2559	3327	3839	2766	3322	3540
2815	3327	3839	2962	3328	3542
3071	3327	3839	3163	3336	3545
3327	3327	3839	3370	3344	3548
3583	3327	3839	3581	3353	3551
3839	3327	3839	3795	3363	3554
4095	3327	3839	4012	3374	3558
0	3583	3839	1706	3546	3545
255	3583	3839	1729	3546	3545
511	3583	3839	1770	3547	3545
767	3583	3839	1835	3548	3546
1023	3583	3839	1923	3549	3546
1279	3583	3839	2033	3551	3547
1535	3583	3839	2163	3554	3548
1791	3583	3839	2309	3557	3549
2047	3583	3839	2470	3561	3551
2303	3583	3839	2643	3566	3553
2559	3583	3839	2826	3571	3555
2815	3583	3839	3016	3577	3557
3071	3583	3839	3214	3584	3560
3327	3583	3839	3416	3591	3563
3583	3583	3839	3624	3600	3566
3839	3583	3839	3835	3609	3569
4095	3583	3839	4049	3618	3573
0	3839	3839	1823	3798	3562
255	3839	3839	1845	3798	3562
511	3839	3839	1883	3799	3562
767	3839	3839	1943	3800	3562
1023	3839	3839	2025	3801	3563
1279	3839	3839	2128	3803	3564
1535	3839	3839	2251	3806	3565
1791	3839	3839	2391	3809	3566
2047	3839	3839	2546	3812	3568
2303	3839	3839	2712	3816	3569
2559	3839	3839	2889	3821	3571
2815	3839	3839	3075	3827	3574
3071	3839	3839	3268	3833	3576
3327	3839	3839	3466	3840	3579
3583	3839	3839	3670	3847	3582
3839	3839	3839	3878	3855	3586
4095	3839	3839	4089	3864	3590
0	4095	3839	1942	4050	3580
255	4095	3839	1962	4050	3580
511	4095	3839	1997	4051	3580
767	4095	3839	2053	4052	3580
1023	4095	3839	2130	4053	3581
1279	4095	3839	2227	4055	3582
1535	4095	3839	2343	4057	3583
1791	4095	3839	2477	4060	3584
2047	4095	3839	2625	4063	3586
2303	4095	3839	2785	4067	3587
2559	4095	3839	2957	4072	3589
2815	4095	3839	3137	4077	3592
3071	4095	3839	3326	4082	3594
3327	4095	3839	3520	4089	3597
3583	4095	3839	3719	4095	3600
3839	4095	3839	3916	4095	3597
4095	4095	3839	4095	4074	3575
0	0	4095	555	230	3675
255	0	4095	633	237	3676
511	0	4095	753	249	3676
767	0	4095	913	269	3676
1023	0	4095	1099	295	3677
1279	0	4095	1302	328	3678
1535	0	4095	1514	365	3679
1791	0	4095	1733	407	3680
2047	0	4095	1956	453	3681
2303	0	4095	2183	501	3683
2559	0	4095	2411	552	3685
2815	0	4095	2641	605	3687
3071	0	4095	2872	659	3690
3327	0	4095	3105	714	3692
3583	0	4095	3337	770	3695
3839	0	4095	3571	827	3699
4095	0	4095	3805	885	3702
0	255	4095	572	395	3676
255	255	4095	649	400	3676
511	255	4095	766	408	3676
767	255	4095	924	421	3677
1023	255	4095	1108	440	3677
1279	255	4095	1309	463	3678
1535	255	4095	1520	491	3679
1791	255	4095	1738	524	3680
2047	255	4095	1960	561	3682
2303	255	4095	2186	601	3684
2559	255	4095	2414	644	3686
2815	255	4095	2644	689	3688
3071	255	4095	2875	737	3690
3327	255	4095	3107	786	3693
3583	255	4095	3340	837	3696
3839	255	4095	3573	890	3699
4095	255	4095	3807	943	3703
0	511	4095	603	592	3677
255	511	4095	676	596	3677
511	511	4095	789	601	3678
767	511	4095	942	610	3678
1023	511	4095	1123	623	3679
1279	511	4095	1321	640	3679
1535	511	4095	1530	661	3680
1791	511	4095	1747	685	3682
2047	511	4095	1968	714	3683
2303	511	4095	2193	745	3685
2559	511	4095	2420	780	3687
2815	511	4095	2649	817	3689
3071	511	4095	2880	857	3691
3327	511	4095	3111	900	3694
3583	511	4095	3343	944	3697
3839	511	4095	3576	990	3701
4095	511	4095	3810	1038	3704
0	767	4095	649	817	3679
255	767	4095	717	819	3679
511	767	4095	824	823	3680
767	767	4095	971	830	3680
1023	767	4095	1147	839	3681
1279	767	4095	1341	852	3681
1535	767	4095	1547	867	3682
1791	767	4095	1761	885	3684
2047	767	4095	1980	907	3685
2303	767	4095	2203	931	3687
2559	767	4095	2429	959	3689
2815	767	4095	2658	989	3691
3071	767	4095	2887	1021	3693
3327	767	4095	3118	1056	3696
3583	767	4095	3350	1094	3699
3839	767	4095	3582	1133	3703
4095	767	4095	3815	1174	3706
0	1023	4095	710	1054	3682
255	1023	4095	772	1055	3682
511	1023	4095	872	1058	3682
767	1023	4095	1012	1063	3683
1023	1023	4095	1181	1071	3683
1279	1023	4095	1369	1080	3684
1535	1023	4095	1571	1092	3685
1791	1023	4095	1781	1106	3686
2047	1023	4095	1998	1123	3688
2303	1023	4095	2219	1142	3689
2559	1023	4095	2443	1164	3691
2815	1023	4095	2670	1188	3694
3071	1023	4095	2898	1214	3696
3327	1023	4095	3128	1243	3699
3583	1023	4095	3359	1274	3702
3839	1023	4095	3590	1307	3705
4095	1023	4095	3823	1342	3709
0	1279	4095	784	1296	3686
255	1279	4095	840	1298	3686
511	1279	4095	932	1300	3686
767	1279	4095	1063	1304	3686
1023	1279	4095	1224	1310	3687
1279	1279	4095	1405	1317	3688
1535	1279	4095	1601	1326	3689
1791	1279	4095	1808	1338	3690
2047	1279	4095	2021	1351	3691
2303	1279	4095	2239	1367	3693
2559	1279	4095	2461	1384	3695
2815	1279	4095	2685	1404	3697
3071	1279	4095	2912	1426	3700
3327	1279	4095	3141	1450	3702
3583	1279	4095	3370	1476	3705
3839	1279	4095	3601	1503	3709
4095	1279	4095	3833	1533	3712
0	1535	4095	868	1542	3690
255	1535	4095	918	1544	3690
511	1535	4095	1002	1545	3691
767	1535	4095	1124	1549	3691
1023	1535	4095	1276	1553	3692
1279	1535	4095	1450	1559	3692
1535	1535	4095	1639	1567	3693
1791	1535	4095	1840	1576	3695
2047	1535	4095	2049	1587	3696
2303	1535	4095	2264	1600	3698
2559	1535	4095	2483	1615	3700
2815	1535	4095	2706	1631	3702
3071	1535	4095	2930	1649	3704
3327	1535	4095	3157	1669	3707
3583	1535	4095	3385	1691	3710
3839	1535	4095	3615	1715	3713
4095	1535	4095	3845	1740	3717
0	1791	4095	959	1790	3696
255	1791	4095	1005	1791	3696
511	1791	4095	1081	1793	3696
767	1791	4095	1194	1796	3697
1023	1791	4095	1336	1799	3697
1279	1791	4095	1502	1805	3698
1535	1791	4095	1685	1811	3699
1791	1791	4095	1880	1819	3700
2047	1791	4095	2084	1828	3702
2303	1791	4095	2295	1839	3703
2559	1791	4095	2510	1851	3705
2815	1791	4095	2730	1865	3707
3071	1791	4095	2952	1880	3710
3327	1791	4095	3177	1897	3713
3583	1791	4095	3404	1916	3716
3839	1791	4095	3632	1936	3719
4095	1791	4095	3861	1958	3723
0	2047	4095	1058	2040	3703
255	2047	4095	1099	2041	3703
511	2047	4095	1168	2042	3703
767	2047	4095	1271	2044	3703
1023	2047	4095	1405	2047	3704
1279	2047	4095	1562	2052	3705
1535	2047	4095	1737	2057	3706
1791	2047	4095	1926	2064	3707
2047	2047	4095	2124	2072	3708
2303	2047	4095	2330	2081	3710
2559	2047	4095	2542	2091	3712
2815	2047	4095	2759	2103	3714
3071	2047	4095	2978	2117	3717
3327	2047	4095	3201	2131	3719
3583	2047	4095	3425	2147	3722
3839	2047	4095	3651	2165	3726
4095	2047	4095	3879	2184	3729
0	2303	4095	1160	2290	3710
255	2303	4095	1197	2291	3711
511	2303	4095	1260	2292	3711
767	2303	4095	1356	2294	3711
1023	2303	4095	1480	2297	3712
1279	2303	4095	1629	2300	3713
1535	2303	4095	1796	2305	3714
1791	2303	4095	1977	2311	3715
2047	2303	4095	2170	2318	3716
2303	2303	4095	2371	2326	3718
2559	2303	4095	2579	2335	3720
2815	2303	4095	2792	2345	3722
3071	2303	4095	3008	2357	3724
3327	2303	4095	3228	2369	3727
3583	2303	4095	3450	2384	3730
3839	2303	4095	3674	2399	3734
4095	2303	4095	3900	2416	3737
0	2559	4095	1267	2541	3719
255	2559	4095	1301	2541	3720
511	2559	4095	1358	2542	3720
767	2559	4095	1446	2544	3720
1023	2559	4095	1562	2546	3721
1279	2559	4095	1701	2550	3722
1535	2559	4095	1861	2554	3723
1791	2559	4095	2035	2559	3724
2047	2559	4095	2222	2565	3725
2303	2559	4095	2418	2572	3727
2559	2559	4095	2621	2580	3729
2815	2559	4095	2829	2589	3731
3071	2559	4095	3042	2599	3733
3327	2559	4095	3259	2611	3736
3583	2559	4095	3479	2623	3739
3839	2559	4095	3701	2637	3742
4095	2559	4095	3925	2651	3746
0	2815	4095	1377	2792	3730
255	2815	4095	1407	2792	3730
511	2815	4095	1460	2793	3730
767	2815	4095	1540	2795	3731
1023	2815	4095	1648	2797	3731
1279	2815	4095	1780	2800	3732
1535	2815	4095	1931	2803	3733
1791	2815	4095	2098	2808	3734
2047	2815	4095	2279	2813	3735
2303	2815	4095	2469	2820	3737
2559	2815	4095	2667	2827	3739
2815	2815	4095	2871	2835	3741
3071	2815	4095	3081	2844	3744
3327	2815	4095	3294	2854	3746
3583	2815	4095	3511	2865	3749
3839	2815	4095	3730	2877	3753
4095	2815	4095	3952	2890	3756
0	3071	4095	1489	3043	3741
255	3071	4095	1517	3044	3741
511	3071	4095	1565	3045	3742
767	3071	4095	1639	3046	3742
1023	3071	4095	1740	3048	3743
1279	3071	4095	1863	3050	3743
1535	3071	4095	2007	3054	3744
1791	3071	4095	2167	3058	3745
2047	3071	4095	2340	3063	3747
2303	3071	4095	2525	3068	3749
2559	3071	4095	2718	3074	3750
2815	3071	4095	2917	3082	3753
3071	3071	4095	3123	3090	3755
3327	3071	4095	3333	3099	3758
3583	3071	4095	3547	3109	3761
3839	3071	4095	3763	3120	3764
4095	3071	4095	3983	3132	3768
0	3327	4095	1603	3295	3754
255	3327	4095	1628	3295	3754
511	3327	4095	1672	3296	3754
767	3327	4095	1741	3297	3755
1023	3327	4095	1835	3299	3755
1279	3327	4095	1951	3301	3756
1535	3327	4095	2087	3304	3757
1791	3327	4095	2240	3308	3758
2047	3327	4095	2407	3312	3760
2303	3327	4095	2585	3317	3761
2559	3327	4095	2773	3323	3763
2815	3327	4095	2968	3330	3765
3071	3327	4095	3169	3337	3768
3327	3327	4095	3375	3345	3770
3583	3327	4095	3586	3354	3773
3839	3327	4095	3800	3364	3777
4095	3327	4095	4016	3375	3780
0	3583	4095	1718	3547	3768
255	3583	4095	1741	3547	3768
511	3583	4095	1782	3548	3768
767	3583	4095	1846	3549	3769
1023	3583	4095	1933	3551	3769
1279	3583	4095	2043	3553	3770
1535	3583	4095	2172	3555	3771
1791	3583	4095	2318	3559	3772
2047	3583	4095	2478	3563	3774
2303	3583	4095	2650	3567	3775
2559	3583	4095	2832	3573	3777
2815	3583	4095	3022	3578	3779
3071	3583	4095	3219	3585	3782
3327	3583	4095	3422	3593	3784
3583	3583	4095	3629	3601	3787
3839	3583	4095	3839	3610	3791
4095	3583	4095	4053	3620	3794
0	3839	4095	1835	3799	3783
255	3839	4095	1856	3799	3784
511	3839	4095	1894	3800	3784
767	3839	4095	1953	3801	3784
1023	3839	4095	2035	3802	3785
1279	3839	4095	2138	3804	3785
1535	3839	4095	2260	3807	3786
1791	3839	4095	2399	3810	3788
2047	3839	4095	2553	3813	3789
2303	3839	4095	2719	3818	3791
2559	3839	4095	2896	3822	3792
2815	3839	4095	3081	3828	3795
3071	3839	4095	3273	3834	3797
3327	3839	4095	3471	3841	3800
3583	3839	4095	3675	3848	3803
3839	3839	4095	3882	3857	3806
4095	3839	4095	4093	3866	3809
0	4095	4095	1952	4051	3800
255	4095	4095	1972	4052	3800
511	4095	4095	2007	4052	3800
767	4095	4095	2063	4053	3801
1023	4095	4095	2139	4054	3801
1279	4095	4095	2236	4056	3802
1535	4095	4095	2352	4058	3803
1791	4095	4095	2484	4061	3804
2047	4095	4095	2632	4064	3806
2303	4095	4095	2792	4068	3807
2559	4095	4095	2963	4073	3809
2815	4095	4095	3143	4078	3811
3071	4095	4095	3331	4083	3814
3327	4095	4095	3525	4090	3816
3583	4095	4095	3723	4095	3818
3839	4095	4095	3920	4095	3814
4095	4095	4095	4095	4071	3788
